year,league_id,team_id,franchise_id,div_id,rank,g,ghome,w,l,div_win,wc_win,lg_win,ws_win,r,ab,h,double,triple,hr,bb,so,sb,cs,hbp,sf,ra,er,era,cg,sho,sv,ipouts,ha,hra,bba,soa,e,dp,fp,name,park,attendance,bpf,ppf,team_id_br,team_id_lahman45,team_id_retro
2000,AL,ANA,ANA,W,3,162,81,82,80,N,N,N,N,864,5628,1574,309,34,236,608,1024,93,52,47,43,869,805,5,5,3,46,4344,1534,228,662,846,134,182,0.978,Anaheim Angels,Edison International Field,2066982,102,103,ANA,ANA,ANA
2000,NL,ARI,ARI,W,3,162,81,85,77,N,N,N,N,792,5527,1466,282,44,179,535,975,97,44,59,58,754,698,4.35,16,8,38,4331,1441,190,500,1220,107,138,0.982,Arizona Diamondbacks,Bank One Ballpark,2942251,105,103,ARI,ARI,ARI
2000,NL,ATL,ATL,E,1,162,81,95,67,Y,N,N,N,810,5489,1490,274,26,179,595,1010,148,56,59,45,714,648,4.05,13,9,53,4321,1428,165,484,1093,129,138,0.979,Atlanta Braves,Turner Field,3234304,101,99,ATL,ATL,ATL
2000,AL,BAL,BAL,E,4,162,81,74,88,N,N,N,N,794,5549,1508,310,22,184,558,900,126,65,49,54,913,855,5.37,14,6,33,4300,1547,202,665,1017,116,151,0.981,Baltimore Orioles,Oriole Park at Camden Yards,3297031,95,96,BAL,BAL,BAL
2000,AL,BOS,BOS,E,2,162,81,85,77,N,N,N,N,792,5630,1503,316,32,167,611,1019,43,30,42,48,745,683,4.23,7,12,46,4358,1433,173,498,1121,109,120,0.982,Boston Red Sox,Fenway Park II,2585895,104,103,BOS,BOS,BOS
2000,AL,CHA,CHW,C,1,162,81,95,67,Y,N,N,N,978,5646,1615,325,33,216,591,960,119,42,53,61,839,751,4.66,5,7,43,4351,1509,195,614,1037,133,190,0.978,Chicago White Sox,Comiskey Park II,1947799,102,102,CHW,CHA,CHA
2000,NL,CHN,CHC,C,6,162,81,65,97,N,N,N,N,764,5577,1426,272,23,183,632,1120,93,37,54,45,904,849,5.25,10,5,39,4364,1505,231,658,1143,100,139,0.983,Chicago Cubs,Wrigley Field,2789511,97,98,CHC,CHN,CHN
2000,NL,CIN,CIN,C,2,163,82,85,77,N,N,N,N,825,5635,1545,302,36,200,559,995,100,38,64,58,765,700,4.33,8,7,42,4369,1446,190,659,1015,111,156,0.982,Cincinnati Reds,Cinergy Field,2577371,102,102,CIN,CIN,CIN
2000,AL,CLE,CLE,C,2,162,81,90,72,N,N,N,N,950,5683,1639,310,30,221,685,1057,113,34,51,52,816,775,4.84,6,5,34,4327,1511,173,666,1213,72,147,0.988,Cleveland Indians,Jacobs Field,3456278,101,100,CLE,CLE,CLE
2000,NL,COL,COL,W,4,162,81,82,80,N,N,N,N,968,5660,1664,320,53,161,601,907,131,61,42,75,897,835,5.26,7,2,33,4290,1568,221,588,1001,94,176,0.985,Colorado Rockies,Coors Field,3295129,125,125,COL,COL,COL
2000,AL,DET,DET,C,3,162,81,79,83,N,N,N,N,823,5644,1553,307,41,177,562,982,83,38,43,49,827,755,4.71,6,6,44,4330,1583,177,496,978,105,171,0.983,Detroit Tigers,Comerica Park,2438617,95,95,DET,DET,DET
2000,NL,FLO,FLA,E,3,161,81,79,82,N,N,N,N,731,5509,1441,274,29,160,540,1184,168,55,60,51,797,729,4.59,5,4,48,4289,1477,169,650,1051,125,144,0.98,Florida Marlins,Pro Player Stadium,1218326,94,95,FLA,FLO,FLO
2000,NL,HOU,HOU,C,4,162,81,72,90,N,N,N,N,938,5570,1547,289,36,249,673,1129,114,52,83,61,944,865,5.42,8,2,30,4313,1596,234,598,1064,133,149,0.978,Houston Astros,Enron Field,3056139,107,107,HOU,HOU,HOU
2000,AL,KCA,KCR,C,4,162,81,77,85,N,N,N,N,879,5709,1644,281,27,150,511,840,121,35,48,70,930,876,5.48,10,6,29,4318,1585,239,693,927,102,185,0.983,Kansas City Royals,Kauffman Stadium,1564847,103,103,KCR,KCA,KCA
2000,NL,LAN,LAD,W,2,162,81,86,76,N,N,N,N,798,5481,1408,265,28,211,668,1083,95,42,51,46,729,659,4.1,9,11,36,4335,1379,176,600,1154,135,151,0.978,Los Angeles Dodgers,Dodger Stadium,2880242,94,94,LAD,LAN,LAN
2000,NL,MIL,MIL,C,3,163,81,73,89,N,N,N,N,740,5563,1366,297,25,177,620,1245,72,44,61,49,826,755,4.63,2,7,29,4399,1501,174,728,967,118,187,0.981,Milwaukee Brewers,County Stadium,1573621,97,98,MIL,ML4,MIL
2000,AL,MIN,MIN,C,5,162,81,69,93,N,N,N,N,748,5615,1516,325,49,116,556,1021,90,45,35,51,880,819,5.14,6,4,35,4298,1634,212,516,1042,102,155,0.983,Minnesota Twins,Hubert H Humphrey Metrodome,1000760,104,105,MIN,MIN,MIN
2000,NL,MON,WSN,E,4,162,81,67,95,N,N,N,N,738,5535,1475,310,35,178,476,1048,58,48,29,34,902,812,5.13,4,7,39,4274,1575,181,579,1011,132,151,0.978,Montreal Expos,Stade Olympique,926272,103,104,MON,MON,MON
2000,AL,NYA,NYY,E,1,161,80,87,74,Y,N,Y,Y,871,5556,1541,294,25,205,631,1007,99,48,57,50,814,753,4.76,9,6,40,4273,1458,177,577,1040,109,132,0.981,New York Yankees,Yankee Stadium II,3055435,99,98,NYY,NYA,NYA
2000,NL,NYN,NYM,E,2,162,81,94,68,N,Y,Y,N,807,5486,1445,281,20,198,675,1037,66,46,45,51,738,670,4.16,8,10,49,4350,1398,164,574,1164,118,121,0.98,New York Mets,Shea Stadium,2820530,96,96,NYM,NYN,NYN
2000,AL,OAK,OAK,W,1,161,81,91,70,Y,N,N,N,947,5560,1501,281,23,239,750,1159,40,15,52,44,813,730,4.58,7,11,43,4306,1535,158,615,963,134,164,0.978,Oakland Athletics,Oakland Coliseum,1603744,96,95,OAK,OAK,OAK
2000,NL,PHI,PHI,E,5,162,81,65,97,N,N,N,N,708,5511,1386,304,40,144,611,1117,102,30,44,37,830,763,4.77,8,6,34,4316,1458,201,640,1123,100,136,0.983,Philadelphia Phillies,Veterans Stadium,1612769,100,101,PHI,PHI,PHI
2000,NL,PIT,PIT,C,5,162,81,69,93,N,N,N,N,793,5643,1506,320,31,168,564,1032,86,40,66,37,888,795,4.94,5,7,27,4347,1554,163,711,1070,132,169,0.979,Pittsburgh Pirates,Three Rivers Stadium,1748908,99,100,PIT,PIT,PIT
2000,NL,SDN,SDP,W,5,162,81,76,86,N,N,N,N,752,5560,1413,279,37,157,602,1177,131,53,46,43,815,733,4.52,5,5,46,4378,1443,191,649,1071,141,155,0.977,San Diego Padres,Qualcomm Stadium,2352443,92,92,SDP,SDN,SDN
2000,AL,SEA,SEA,W,2,162,81,91,71,N,Y,N,N,907,5497,1481,300,26,198,775,1073,122,56,48,61,780,720,4.49,4,10,44,4325,1442,167,634,998,99,176,0.984,Seattle Mariners,Safeco Field,2914624,95,93,SEA,SEA,SEA
2000,NL,SFN,SFG,W,1,162,81,97,65,Y,N,N,N,925,5519,1535,304,44,226,709,1032,79,39,51,66,747,675,4.21,9,15,47,4333,1452,151,623,1076,93,173,0.985,San Francisco Giants,PacBell Park,3318800,93,92,SFG,SFN,SFN
2000,NL,SLN,STL,C,1,162,81,95,67,Y,N,N,N,887,5478,1481,259,25,235,675,1253,87,51,84,53,771,698,4.38,10,7,37,4301,1403,196,606,1100,111,148,0.981,St. Louis Cardinals,Busch Stadium II,3336493,102,101,STL,SLN,SLN
2000,AL,TBA,TBD,E,5,161,80,69,92,N,N,N,N,733,5505,1414,253,22,162,558,1022,90,46,51,40,842,773,4.86,10,8,38,4294,1553,198,533,955,118,169,0.981,Tampa Bay Devil Rays,Tropicana Field,1449673,99,100,TBD,TBA,TBA
2000,AL,TEX,TEX,W,4,162,81,71,91,N,N,N,N,848,5648,1601,330,35,173,580,922,69,47,39,48,974,876,5.52,3,4,39,4287,1683,202,661,918,135,162,0.978,Texas Rangers,The Ballpark at Arlington,2588401,102,102,TEX,TEX,TEX
2000,AL,TOR,TOR,E,3,162,81,83,79,N,N,N,N,861,5677,1562,328,21,244,526,1026,89,34,60,34,908,821,5.14,15,4,37,4312,1615,195,560,978,100,176,0.984,Toronto Blue Jays,Skydome,1705712,103,103,TOR,TOR,TOR
2001,AL,ANA,ANA,W,3,162,81,75,87,N,N,N,N,691,5551,1447,275,26,158,494,1001,116,52,77,53,730,671,4.2,6,1,43,4313,1452,168,525,947,103,142,0.983,Anaheim Angels,Edison International Field,2000919,101,101,ANA,ANA,ANA
2001,NL,ARI,ARI,W,1,162,81,92,70,Y,N,Y,Y,818,5595,1494,284,35,208,587,1052,71,38,57,36,677,627,3.87,12,13,34,4379,1352,195,461,1297,84,148,0.986,Arizona Diamondbacks,Bank One Ballpark,2736451,108,107,ARI,ARI,ARI
2001,NL,ATL,ATL,E,1,162,81,88,74,Y,N,N,N,729,5498,1432,263,24,174,493,1039,85,46,45,52,643,578,3.59,5,13,41,4342,1363,153,499,1133,103,133,0.983,Atlanta Braves,Turner Field,2823530,103,102,ATL,ATL,ATL
2001,AL,BAL,BAL,E,4,162,80,63,98,N,N,N,N,687,5472,1359,262,24,136,514,989,133,53,77,49,829,744,4.67,10,6,31,4297,1504,194,528,938,125,137,0.979,Baltimore Orioles,Oriole Park at Camden Yards,3094841,95,96,BAL,BAL,BAL
2001,AL,BOS,BOS,E,2,161,81,82,79,N,N,N,N,772,5605,1493,316,29,198,520,1131,46,35,70,41,745,667,4.15,3,9,48,4344,1412,146,544,1259,113,129,0.981,Boston Red Sox,Fenway Park II,2625333,102,101,BOS,BOS,BOS
2001,AL,CHA,CHW,C,3,162,81,83,79,N,N,N,N,798,5464,1463,300,29,214,520,998,123,59,52,51,795,725,4.55,8,9,51,4300,1465,181,500,921,118,149,0.981,Chicago White Sox,Comiskey Park II,1766172,104,103,CHW,CHA,CHA
2001,NL,CHN,CHC,C,3,162,81,88,74,N,N,N,N,777,5406,1409,268,32,194,577,1077,67,36,66,53,701,643,4.03,8,6,41,4311,1357,164,550,1344,109,113,0.982,Chicago Cubs,Wrigley Field,2779465,95,95,CHC,CHN,CHN
2001,NL,CIN,CIN,C,5,162,81,66,96,N,N,N,N,735,5583,1464,304,22,176,468,1172,103,54,65,40,850,765,4.77,2,2,35,4328,1572,198,515,943,138,136,0.978,Cincinnati Reds,Cinergy Field,1879757,105,105,CIN,CIN,CIN
2001,AL,CLE,CLE,C,1,162,80,91,71,Y,N,N,N,897,5600,1559,294,37,212,577,1076,79,41,69,62,821,746,4.64,3,4,42,4340,1512,148,573,1218,107,137,0.982,Cleveland Indians,Jacobs Field,3175523,100,100,CLE,CLE,CLE
2001,NL,COL,COL,W,5,162,81,73,89,N,N,N,N,923,5690,1663,324,61,213,511,1027,132,54,61,50,906,841,5.29,8,8,26,4290,1522,239,598,1058,96,167,0.984,Colorado Rockies,Coors Field,3166821,122,122,COL,COL,COL
2001,AL,DET,DET,C,4,162,81,66,96,N,N,N,N,724,5537,1439,291,60,139,466,972,133,61,51,49,876,795,5.01,16,2,34,4288,1624,180,553,859,131,164,0.979,Detroit Tigers,Comerica Park,1921305,93,95,DET,DET,DET
2001,NL,FLO,FLA,E,4,162,80,76,86,N,N,N,N,742,5542,1461,325,30,166,470,1145,89,40,67,45,744,691,4.32,5,11,32,4314,1397,151,617,1119,103,174,0.983,Florida Marlins,Pro Player Stadium,1261226,97,97,FLA,FLO,FLO
2001,NL,HOU,HOU,C,1,162,81,93,69,Y,N,N,N,847,5528,1500,313,29,208,581,1119,64,49,89,56,769,707,4.37,7,6,48,4364,1453,221,486,1228,110,138,0.982,Houston Astros,Enron Field,2904277,107,106,HOU,HOU,HOU
2001,AL,KCA,KCR,C,5,162,81,65,97,N,N,N,N,729,5643,1503,277,37,152,406,898,100,42,44,47,858,779,4.87,5,1,30,4320,1537,209,576,911,117,204,0.981,Kansas City Royals,Kauffman Stadium,1536371,107,108,KCR,KCA,KCA
2001,NL,LAN,LAD,W,3,162,81,86,76,N,N,N,N,758,5493,1399,264,27,206,519,1062,89,42,56,44,744,685,4.25,3,5,46,4352,1387,184,524,1212,116,138,0.981,Los Angeles Dodgers,Dodger Stadium,3017143,92,91,LAD,LAN,LAN
2001,NL,MIL,MIL,C,4,162,81,68,94,N,N,N,N,740,5488,1378,273,30,209,488,1399,66,36,72,35,806,740,4.64,3,8,28,4309,1452,197,667,1057,103,156,0.983,Milwaukee Brewers,Miller Park,2811041,98,99,MIL,ML4,MIL
2001,AL,MIN,MIN,C,2,162,81,85,77,N,N,N,N,771,5560,1514,328,38,164,495,1083,146,67,64,38,766,722,4.51,12,8,45,4324,1494,192,445,965,108,118,0.982,Minnesota Twins,Hubert H Humphrey Metrodome,1782929,102,102,MIN,MIN,MIN
2001,NL,MON,WSN,E,5,162,81,68,94,N,N,N,N,670,5379,1361,320,28,131,478,1071,101,51,60,45,812,745,4.68,5,11,28,4294,1509,190,525,1103,108,139,0.982,Montreal Expos,Stade Olympique,642745,101,102,MON,MON,MON
2001,AL,NYA,NYY,E,1,161,80,95,65,Y,N,Y,N,804,5577,1488,289,20,203,519,1035,161,53,64,43,713,649,4.02,7,9,57,4354,1429,158,465,1266,109,132,0.982,New York Yankees,Yankee Stadium II,3264907,102,100,NYY,NYA,NYA
2001,NL,NYN,NYM,E,3,162,81,82,80,N,N,N,N,642,5459,1361,273,18,147,545,1062,66,48,65,35,713,654,4.07,6,14,48,4337,1418,186,438,1191,101,132,0.983,New York Mets,Shea Stadium,2658330,96,96,NYM,NYN,NYN
2001,AL,OAK,OAK,W,2,162,81,102,60,N,Y,N,N,884,5573,1469,334,22,199,640,1021,68,29,88,59,645,583,3.59,13,9,44,4390,1384,153,440,1117,125,151,0.98,Oakland Athletics,Oakland Coliseum,2133277,99,97,OAK,OAK,OAK
2001,NL,PHI,PHI,E,2,162,81,86,76,N,N,N,N,746,5497,1431,295,29,164,551,1125,153,47,43,61,719,667,4.15,8,7,47,4336,1417,170,527,1086,91,145,0.985,Philadelphia Phillies,Veterans Stadium,1782054,98,98,PHI,PHI,PHI
2001,NL,PIT,PIT,C,6,162,81,62,100,N,N,N,N,657,5398,1333,256,25,161,467,1106,93,73,67,35,858,794,5.05,8,9,36,4249,1493,167,549,908,133,168,0.978,Pittsburgh Pirates,PNC Park,2464870,103,105,PIT,PIT,PIT
2001,NL,SDN,SDP,W,4,162,81,79,83,N,N,N,N,789,5482,1379,273,26,161,678,1273,129,44,41,48,812,724,4.52,5,6,46,4322,1519,219,476,1088,145,127,0.976,San Diego Padres,Qualcomm Stadium,2378128,91,92,SDP,SDN,SDN
2001,AL,SEA,SEA,W,1,162,81,116,46,Y,N,N,N,927,5680,1637,310,38,169,614,989,174,42,62,70,627,576,3.54,8,14,56,4395,1293,160,465,1051,83,137,0.986,Seattle Mariners,Safeco Field,3507326,94,93,SEA,SEA,SEA
2001,NL,SFN,SFG,W,2,162,81,90,72,N,N,N,N,799,5612,1493,304,40,235,625,1090,57,42,50,54,748,680,4.18,3,8,47,4390,1437,145,579,1080,118,170,0.981,San Francisco Giants,PacBell Park,3311958,93,92,SFG,SFN,SFN
2001,NL,SLN,STL,C,2,162,82,93,69,N,Y,N,N,814,5450,1469,274,32,199,529,1089,91,35,65,50,684,627,3.93,8,11,38,4306,1389,196,526,1083,110,156,0.982,St. Louis Cardinals,Busch Stadium II,3109578,100,99,STL,SLN,SLN
2001,AL,TBA,TBD,E,5,162,81,62,100,N,N,N,N,672,5524,1426,311,21,121,456,1116,115,52,54,25,887,781,4.94,1,6,30,4271,1513,207,569,1030,139,144,0.977,Tampa Bay Devil Rays,Tropicana Field,1298365,98,100,TBD,TBA,TBA
2001,AL,TEX,TEX,W,4,162,82,73,89,N,N,N,N,890,5685,1566,326,23,246,548,1093,97,32,75,55,968,913,5.71,4,3,37,4315,1670,222,596,951,114,167,0.981,Texas Rangers,The Ballpark at Arlington,2831021,104,105,TEX,TEX,TEX
2001,AL,TOR,TOR,E,3,162,82,80,82,N,N,N,N,767,5663,1489,287,36,195,470,1094,156,55,74,43,753,696,4.28,7,10,41,4388,1553,165,490,1041,97,184,0.985,Toronto Blue Jays,Skydome,1915438,102,103,TOR,TOR,TOR
2002,AL,ANA,ANA,W,2,162,81,99,63,N,Y,Y,Y,851,5678,1603,333,32,152,462,805,117,51,74,64,644,595,3.69,7,14,54,4357,1345,169,509,999,87,151,0.986,Anaheim Angels,Edison International Field,2305547,100,99,ANA,ANA,ANA
2002,NL,ARI,ARI,W,1,162,81,98,64,Y,N,N,N,819,5508,1471,283,41,165,643,1016,92,46,50,53,674,630,3.92,14,10,40,4340,1361,170,421,1303,89,116,0.985,Arizona Diamondbacks,Bank One Ballpark,3198977,111,111,ARI,ARI,ARI
2002,NL,ATL,ATL,E,1,161,81,101,59,Y,N,N,N,708,5495,1428,280,25,164,558,1028,76,39,54,49,565,511,3.13,3,15,57,4402,1302,123,554,1058,114,170,0.982,Atlanta Braves,Turner Field,2603484,102,101,ATL,ATL,ATL
2002,AL,BAL,BAL,E,4,162,81,67,95,N,N,N,N,667,5491,1353,311,27,165,452,993,110,48,64,49,773,719,4.46,8,3,31,4352,1491,208,549,967,91,173,0.985,Baltimore Orioles,Oriole Park at Camden Yards,2682439,95,96,BAL,BAL,BAL
2002,AL,BOS,BOS,E,2,162,81,93,69,N,N,N,N,859,5640,1560,348,33,177,545,944,80,28,72,53,665,603,3.75,5,17,51,4338,1339,146,430,1157,104,140,0.983,Boston Red Sox,Fenway Park II,2650862,103,102,BOS,BOS,BOS
2002,AL,CHA,CHW,C,2,162,81,81,81,N,N,N,N,856,5502,1475,289,29,217,555,952,75,31,49,53,798,716,4.53,7,7,35,4269,1422,190,528,945,97,157,0.984,Chicago White Sox,Comiskey Park II,1676911,102,101,CHW,CHA,CHA
2002,NL,CHN,CHC,C,5,162,78,67,95,N,N,N,N,706,5496,1351,259,29,200,585,1269,63,21,44,39,759,687,4.29,11,9,23,4324,1373,167,606,1333,114,144,0.981,Chicago Cubs,Wrigley Field,2693096,98,98,CHC,CHN,CHN
2002,NL,CIN,CIN,C,3,162,80,78,84,N,N,N,N,709,5470,1386,297,21,169,583,1188,116,52,66,40,774,690,4.27,2,8,42,4361,1502,173,550,980,120,169,0.981,Cincinnati Reds,Cinergy Field,1855787,104,105,CIN,CIN,CIN
2002,AL,CLE,CLE,C,3,162,81,74,88,N,N,N,N,739,5423,1349,255,26,192,542,1000,52,37,56,39,837,777,4.91,9,4,34,4274,1508,142,603,1058,113,161,0.981,Cleveland Indians,Jacobs Field,2616940,97,98,CLE,CLE,CLE
2002,NL,COL,COL,W,4,162,81,73,89,N,N,N,N,778,5512,1508,283,41,152,497,1043,103,53,56,50,898,825,5.2,1,8,43,4280,1554,225,582,920,112,158,0.982,Colorado Rockies,Coors Field,2737838,116,116,COL,COL,COL
2002,AL,DET,DET,C,5,161,80,55,106,N,N,N,N,575,5406,1340,265,37,124,363,1035,65,44,64,57,864,773,4.92,11,7,33,4242,1593,163,463,794,142,148,0.977,Detroit Tigers,Comerica Park,1503623,92,95,DET,DET,DET
2002,NL,FLO,FLA,E,4,162,81,79,83,N,N,N,N,699,5496,1433,280,32,146,595,1130,177,73,61,49,763,706,4.36,11,12,36,4369,1449,151,631,1104,106,163,0.983,Florida Marlins,Pro Player Stadium,813118,97,98,FLA,FLO,FLO
2002,NL,HOU,HOU,C,2,162,81,84,78,N,N,N,N,749,5503,1441,291,32,167,589,1120,71,27,59,37,695,642,4,2,11,43,4335,1423,151,546,1219,83,149,0.986,Houston Astros,Minute Maid Park,2517357,106,105,HOU,HOU,HOU
2002,AL,KCA,KCR,C,4,162,77,62,100,N,N,N,N,737,5535,1415,285,42,140,524,921,140,65,52,51,891,834,5.21,12,6,30,4323,1587,212,572,909,130,153,0.979,Kansas City Royals,Kauffman Stadium,1323036,110,111,KCR,KCA,KCA
2002,NL,LAN,LAD,W,3,162,81,92,70,N,N,N,N,713,5554,1464,286,29,155,428,940,96,37,53,44,643,598,3.69,4,15,56,4373,1311,165,555,1132,90,134,0.985,Los Angeles Dodgers,Dodger Stadium,3131255,92,92,LAD,LAN,LAN
2002,NL,MIL,MIL,C,6,162,81,56,106,N,N,N,N,627,5415,1369,269,29,139,500,1125,94,50,55,34,821,752,4.73,7,4,32,4297,1468,199,666,1026,103,154,0.983,Milwaukee Brewers,Miller Park,1969153,98,99,MIL,ML4,MIL
2002,AL,MIN,MIN,C,1,161,81,94,67,Y,N,N,N,768,5582,1518,348,36,167,472,1089,79,62,56,52,712,662,4.12,8,9,47,4334,1454,184,439,1026,74,124,0.987,Minnesota Twins,Hubert H Humphrey Metrodome,1924473,100,100,MIN,MIN,MIN
2002,NL,MON,WSN,E,2,162,81,83,79,N,N,N,N,735,5479,1432,300,36,162,575,1104,118,64,46,42,718,641,3.97,9,3,39,4359,1475,165,508,1088,139,160,0.978,Montreal Expos,Stade Olympique,812045,103,103,MON,MON,MON
2002,AL,NYA,NYY,E,1,161,80,103,58,Y,N,N,N,897,5601,1540,314,12,223,640,1171,100,38,72,41,697,625,3.87,9,11,53,4356,1441,144,403,1135,127,117,0.979,New York Yankees,Yankee Stadium II,3465807,100,99,NYY,NYA,NYA
2002,NL,NYN,NYM,E,5,161,78,75,86,N,N,N,N,690,5496,1409,238,22,160,486,1044,87,42,63,30,703,624,3.89,9,10,36,4328,1408,163,543,1107,144,138,0.976,New York Mets,Shea Stadium,2804838,97,97,NYM,NYN,NYN
2002,AL,OAK,OAK,W,1,162,81,103,59,Y,N,N,N,800,5558,1450,279,28,205,609,1008,46,20,68,36,654,593,3.68,9,19,48,4356,1391,135,474,1021,102,144,0.984,Oakland Athletics,Oakland Coliseum,2169811,98,97,OAK,OAK,OAK
2002,NL,PHI,PHI,E,3,161,79,80,81,N,N,N,N,710,5523,1428,325,41,165,640,1095,104,43,53,39,724,671,4.17,5,9,47,4349,1381,153,570,1075,88,156,0.986,Philadelphia Phillies,Veterans Stadium,1618467,94,94,PHI,PHI,PHI
2002,NL,PIT,PIT,C,4,161,79,72,89,N,N,N,N,641,5330,1300,263,20,142,537,1109,86,49,73,41,730,664,4.23,2,7,47,4238,1447,163,572,920,115,177,0.982,Pittsburgh Pirates,PNC Park,1784988,102,103,PIT,PIT,PIT
2002,NL,SDN,SDP,W,5,162,81,66,96,N,N,N,N,662,5515,1393,243,29,136,547,1062,71,44,30,41,815,737,4.62,5,10,40,4309,1522,177,582,1108,128,162,0.979,San Diego Padres,Qualcomm Stadium,2220601,90,91,SDP,SDN,SDN
2002,AL,SEA,SEA,W,3,162,81,93,69,N,N,N,N,814,5569,1531,285,31,152,629,1003,137,58,51,72,699,654,4.07,8,12,43,4336,1422,178,441,1063,88,134,0.985,Seattle Mariners,Safeco Field,3542938,97,95,SEA,SEA,SEA
2002,NL,SFN,SFG,W,2,162,81,95,66,N,Y,Y,N,783,5497,1465,300,35,198,616,961,74,21,65,52,616,566,3.54,10,13,43,4312,1349,116,523,992,90,166,0.985,San Francisco Giants,PacBell Park,3253203,95,94,SFG,SFN,SFN
2002,NL,SLN,STL,C,1,162,81,97,65,Y,N,N,N,787,5505,1475,285,26,175,542,927,86,42,67,49,648,595,3.7,4,9,42,4339,1355,141,547,1009,103,168,0.983,St. Louis Cardinals,Busch Stadium II,3011756,98,97,STL,SLN,SLN
2002,AL,TBA,TBD,E,5,161,81,55,106,N,N,N,N,673,5604,1418,297,35,133,456,1115,102,45,58,36,918,846,5.29,12,3,25,4321,1567,215,620,925,126,168,0.979,Tampa Bay Devil Rays,Tropicana Field,1065742,97,99,TBD,TBA,TBA
2002,AL,TEX,TEX,W,4,162,80,72,90,N,N,N,N,843,5618,1510,304,27,230,554,1055,62,34,62,50,882,824,5.15,4,4,33,4319,1528,194,669,1030,99,152,0.984,Texas Rangers,The Ballpark at Arlington,2352397,106,107,TEX,TEX,TEX
2002,AL,TOR,TOR,E,3,162,81,78,84,N,N,N,N,813,5581,1457,305,38,187,522,1142,71,18,53,57,828,767,4.8,6,6,41,4315,1504,177,590,991,107,159,0.982,Toronto Blue Jays,Skydome,1637900,104,104,TOR,TOR,TOR
2003,AL,ANA,ANA,W,3,162,82,77,85,N,N,N,N,736,5487,1473,276,33,150,476,838,129,61,56,50,743,680,4.28,5,9,39,4294,1444,190,486,980,105,138,0.982,Anaheim Angels,Edison International Field,3061094,98,97,ANA,ANA,ANA
2003,NL,ARI,ARI,W,3,162,81,84,78,N,N,N,N,717,5570,1467,303,47,152,531,1006,76,38,45,52,685,621,3.84,7,11,42,4365,1379,150,526,1291,107,132,0.983,Arizona Diamondbacks,Bank One Ballpark,2805542,108,109,ARI,ARI,ARI
2003,NL,ATL,ATL,E,1,162,81,101,61,Y,N,N,N,907,5670,1608,321,31,235,545,933,68,22,49,49,740,663,4.1,4,7,51,4369,1425,147,555,992,121,166,0.981,Atlanta Braves,Turner Field,2401084,101,100,ATL,ATL,ATL
2003,AL,BAL,BAL,E,4,163,81,71,91,N,N,N,N,743,5665,1516,277,24,152,431,902,89,36,54,40,820,767,4.76,9,3,41,4349,1579,198,526,981,105,164,0.983,Baltimore Orioles,Oriole Park at Camden Yards,2454523,99,99,BAL,BAL,BAL
2003,AL,BOS,BOS,E,2,162,81,95,67,N,Y,N,N,961,5769,1667,371,40,238,620,943,88,35,53,64,809,729,4.48,5,6,36,4394,1503,153,488,1141,113,130,0.982,Boston Red Sox,Fenway Park II,2724165,105,103,BOS,BOS,BOS
2003,AL,CHA,CHW,C,2,162,81,86,76,N,N,N,N,791,5487,1445,303,19,220,519,916,77,29,58,41,715,663,4.17,12,4,36,4293,1364,162,518,1056,93,154,0.984,Chicago White Sox,U.S. Cellular Field,1939524,102,102,CHW,CHA,CHA
2003,NL,CHN,CHC,C,1,162,81,88,74,Y,N,N,N,724,5519,1431,302,24,172,492,1158,73,31,50,46,683,619,3.83,13,14,36,4369,1304,143,617,1404,106,157,0.983,Chicago Cubs,Wrigley Field,2962630,101,101,CHC,CHN,CHN
2003,NL,CIN,CIN,C,5,162,81,69,93,N,N,N,N,694,5509,1349,239,21,182,524,1326,80,34,79,32,886,818,5.09,4,5,38,4339,1578,209,590,932,141,152,0.977,Cincinnati Reds,Great American Ball Park,2355259,95,96,CIN,CIN,CIN
2003,AL,CLE,CLE,C,4,162,81,68,94,N,N,N,N,699,5572,1413,296,26,158,466,1062,86,61,62,41,778,682,4.21,5,7,34,4378,1477,179,501,943,126,178,0.98,Cleveland Indians,Jacobs Field,1730002,96,97,CLE,CLE,CLE
2003,NL,COL,COL,W,4,162,81,74,88,N,N,N,N,853,5518,1472,330,31,198,619,1134,63,37,52,38,892,821,5.2,3,4,34,4260,1629,200,552,866,116,165,0.981,Colorado Rockies,Coors Field,2334085,115,116,COL,COL,COL
2003,AL,DET,DET,C,5,162,81,43,119,N,N,N,N,591,5466,1312,201,39,153,443,1099,98,63,47,49,928,847,5.3,3,5,27,4316,1616,195,557,764,138,194,0.978,Detroit Tigers,Comerica Park,1368245,93,95,DET,DET,DET
2003,NL,FLO,FLA,E,2,162,81,91,71,N,Y,Y,Y,751,5490,1459,292,44,157,515,978,150,74,57,41,692,648,4.04,7,11,36,4336,1415,128,530,1132,78,162,0.987,Florida Marlins,Pro Player Stadium,1303215,98,98,FLA,FLO,FLO
2003,NL,HOU,HOU,C,2,162,81,87,75,N,N,N,N,805,5583,1466,308,30,191,557,1021,66,30,81,38,677,622,3.86,1,5,50,4350,1350,161,565,1139,95,149,0.985,Houston Astros,Minute Maid Park,2454241,103,102,HOU,HOU,HOU
2003,AL,KCA,KCR,C,3,162,80,83,79,N,N,N,N,836,5568,1526,288,39,162,476,926,120,42,75,57,867,808,5.05,7,10,36,4316,1569,190,566,865,108,143,0.982,Kansas City Royals,Kauffman Stadium,1779895,107,108,KCR,KCA,KCA
2003,NL,LAN,LAD,W,2,162,81,85,77,N,N,N,N,574,5458,1328,260,25,124,407,985,80,36,72,28,556,511,3.16,3,17,58,4373,1254,127,526,1289,119,164,0.981,Los Angeles Dodgers,Dodger Stadium,3138626,94,94,LAD,LAN,LAN
2003,NL,MIL,MIL,C,6,162,81,68,94,N,N,N,N,714,5548,1423,266,24,196,547,1221,99,39,71,40,873,810,5.02,5,3,44,4356,1590,219,575,1034,114,142,0.981,Milwaukee Brewers,Miller Park,1700354,98,100,MIL,ML4,MIL
2003,AL,MIN,MIN,C,1,162,81,90,72,Y,N,N,N,801,5655,1567,318,45,155,512,1027,94,44,63,52,758,716,4.41,7,8,45,4386,1526,187,402,997,87,114,0.985,Minnesota Twins,Hubert H Humphrey Metrodome,1946011,101,100,MIN,MIN,MIN
2003,NL,MON,WSN,E,4,162,81,83,79,N,N,N,N,711,5437,1404,294,25,144,522,990,100,39,45,40,716,640,4.01,15,10,42,4313,1467,181,463,1028,102,152,0.983,Montreal Expos,Stade Olympique/Hiram Bithorn Stadium,1025639,105,105,MON,MON,MON
2003,AL,NYA,NYY,E,1,163,82,101,61,Y,N,Y,N,877,5605,1518,304,14,230,684,1042,98,33,81,35,716,653,4.02,8,12,49,4386,1512,145,375,1119,114,126,0.981,New York Yankees,Yankee Stadium II,3465600,98,97,NYY,NYA,NYA
2003,NL,NYN,NYM,E,5,161,80,66,95,N,N,N,N,642,5341,1317,262,24,124,489,1035,70,31,54,45,754,704,4.48,3,10,38,4240,1497,168,576,907,118,158,0.98,New York Mets,Shea Stadium,2140599,97,98,NYM,NYN,NYN
2003,AL,OAK,OAK,W,1,162,81,96,66,Y,N,N,N,768,5497,1398,317,24,176,556,898,48,14,59,53,643,582,3.63,16,14,48,4325,1336,140,499,1018,107,145,0.983,Oakland Athletics,Oakland Coliseum,2216596,99,98,OAK,OAK,OAK
2003,NL,PHI,PHI,E,3,162,81,86,76,N,N,N,N,791,5543,1448,325,27,166,651,1155,72,29,55,38,697,648,4.04,9,13,33,4331,1386,142,536,1060,97,146,0.984,Philadelphia Phillies,Veterans Stadium,2259948,93,93,PHI,PHI,PHI
2003,NL,PIT,PIT,C,4,162,81,75,87,N,N,N,N,753,5581,1492,275,45,163,529,1049,86,37,87,38,801,744,4.64,7,10,44,4333,1527,178,502,926,123,159,0.98,Pittsburgh Pirates,PNC Park,1636751,102,102,PIT,PIT,PIT
2003,NL,SDN,SDP,W,5,162,81,64,98,N,N,N,N,678,5531,1442,257,32,128,565,1073,76,39,57,42,831,774,4.87,2,10,31,4294,1458,208,611,1091,102,141,0.983,San Diego Padres,Qualcomm Stadium,2030084,91,92,SDP,SDN,SDN
2003,AL,SEA,SEA,W,2,162,81,93,69,N,N,N,N,795,5561,1509,290,33,139,586,989,108,37,53,46,637,602,3.76,8,15,38,4323,1340,173,466,1001,65,159,0.989,Seattle Mariners,Safeco Field,3268509,95,95,SEA,SEA,SEA
2003,NL,SFN,SFG,W,1,161,81,100,61,Y,N,N,N,755,5456,1440,281,29,180,593,980,53,37,40,39,638,595,3.73,7,10,43,4312,1349,136,546,1006,80,163,0.987,San Francisco Giants,PacBell Park,3264898,99,98,SFG,SFN,SFN
2003,NL,SLN,STL,C,3,162,81,85,77,N,N,N,N,876,5672,1580,342,32,196,580,952,82,32,73,54,796,748,4.6,9,10,41,4391,1544,210,508,969,77,138,0.987,St. Louis Cardinals,Busch Stadium II,2910386,97,96,STL,SLN,SLN
2003,AL,TBA,TBD,E,5,162,81,63,99,N,N,N,N,715,5654,1501,298,38,137,420,1030,142,42,56,50,852,787,4.93,7,7,30,4310,1454,196,639,877,103,158,0.983,Tampa Bay Devil Rays,Tropicana Field,1058695,95,97,TBD,TBA,TBA
2003,AL,TEX,TEX,W,4,162,81,71,91,N,N,N,N,826,5664,1506,274,36,239,488,1052,65,25,75,42,969,903,5.67,4,3,43,4300,1625,208,603,1009,94,168,0.985,Texas Rangers,The Ballpark at Arlington,2094394,111,111,TEX,TEX,TEX
2003,AL,TOR,TOR,E,3,162,81,86,76,N,N,N,N,894,5661,1580,357,33,190,546,1081,37,25,90,56,826,748,4.69,14,6,35,4305,1560,184,485,984,117,161,0.981,Toronto Blue Jays,Skydome,1799458,104,104,TOR,TOR,TOR
2004,AL,ANA,ANA,W,1,162,81,92,70,Y,N,N,N,836,5675,1603,272,37,162,450,942,143,46,73,41,734,692,4.28,2,11,50,4363,1476,170,502,1164,90,126,0.985,Anaheim Angels,Angels Stadium of Anaheim,3375677,97,97,ANA,ANA,ANA
2004,NL,ARI,ARI,W,5,162,81,51,111,N,N,N,N,615,5544,1401,295,38,135,441,1022,53,32,35,37,899,794,4.98,5,6,33,4308,1480,197,668,1153,139,144,0.977,Arizona Diamondbacks,Bank One Ballpark,2519560,105,107,ARI,ARI,ARI
2004,NL,ATL,ATL,E,1,162,81,96,66,Y,N,N,N,803,5570,1503,304,37,178,587,1158,86,32,59,48,668,603,3.74,4,13,48,4350,1475,154,523,1025,116,171,0.981,Atlanta Braves,Turner Field,2327565,101,100,ATL,ATL,ATL
2004,AL,BAL,BAL,E,3,162,81,78,84,N,N,N,N,842,5736,1614,319,18,169,528,949,101,41,57,62,830,760,4.7,8,10,27,4366,1488,159,687,1090,110,161,0.982,Baltimore Orioles,Oriole Park at Camden Yards,2744018,98,99,BAL,BAL,BAL
2004,AL,BOS,BOS,E,2,162,81,98,64,N,Y,Y,Y,949,5720,1613,373,25,222,659,1189,68,30,69,55,768,674,4.18,4,12,36,4354,1430,159,447,1132,118,129,0.981,Boston Red Sox,Fenway Park II,2837294,106,105,BOS,BOS,BOS
2004,AL,CHA,CHW,C,2,162,81,83,79,N,N,N,N,865,5534,1481,284,19,242,499,1030,78,51,63,42,831,782,4.91,8,8,34,4297,1505,224,527,1013,100,167,0.984,Chicago White Sox,U.S. Cellular Field,1930537,102,102,CHW,CHA,CHA
2004,NL,CHN,CHC,C,3,162,82,89,73,N,N,N,N,789,5628,1508,308,29,235,489,1080,66,28,38,48,665,621,3.81,3,6,42,4396,1363,169,545,1346,86,126,0.986,Chicago Cubs,Wrigley Field,3170154,103,102,CHC,CHN,CHN
2004,NL,CIN,CIN,C,4,162,81,76,86,N,N,N,N,750,5518,1380,287,28,194,599,1335,77,25,81,25,907,832,5.19,5,8,47,4331,1595,236,572,992,113,123,0.981,Cincinnati Reds,Great American Ball Park,2287250,98,99,CIN,CIN,CIN
2004,AL,CLE,CLE,C,3,162,81,80,82,N,N,N,N,858,5676,1565,345,29,184,606,1009,94,55,78,42,857,784,4.81,8,8,32,4400,1553,201,579,1115,106,152,0.983,Cleveland Indians,Jacobs Field,1814401,94,94,CLE,CLE,CLE
2004,NL,COL,COL,W,4,162,81,68,94,N,N,N,N,833,5577,1531,331,34,202,568,1181,44,33,54,37,923,883,5.54,3,2,36,4306,1634,198,697,947,89,161,0.986,Colorado Rockies,Coors Field,2338069,113,114,COL,COL,COL
2004,AL,DET,DET,C,4,162,81,72,90,N,N,N,N,827,5623,1531,284,54,201,518,1144,86,50,50,43,844,788,4.93,7,9,35,4319,1542,190,530,995,144,160,0.977,Detroit Tigers,Comerica Park,1917004,95,96,DET,DET,DET
2004,NL,FLO,FLA,E,3,162,80,83,79,N,N,N,N,718,5486,1447,275,32,148,499,968,96,43,58,40,700,655,4.1,6,14,53,4317,1395,166,513,1116,86,153,0.986,Florida Marlins,Pro Player Stadium,1723105,95,95,FLA,FLO,FLO
2004,NL,HOU,HOU,C,2,162,81,92,70,N,Y,N,N,803,5468,1458,294,36,187,590,999,89,30,61,52,698,650,4.05,2,13,47,4329,1416,174,525,1282,101,136,0.983,Houston Astros,Minute Maid Park,3087872,102,101,HOU,HOU,HOU
2004,AL,KCA,KCR,C,5,162,80,58,104,N,N,N,N,720,5538,1432,261,29,150,461,1057,67,48,76,38,905,813,5.15,6,3,25,4261,1638,208,518,887,131,169,0.978,Kansas City Royals,Kauffman Stadium,1661478,102,103,KCR,KCA,KCA
2004,NL,LAN,LAD,W,1,162,81,93,69,Y,N,N,N,761,5542,1450,226,30,203,536,1092,102,41,62,35,684,647,4.01,2,6,51,4360,1386,178,521,1066,73,145,0.988,Los Angeles Dodgers,Dodger Stadium,3488283,95,95,LAD,LAN,LAN
2004,NL,MIL,MIL,C,6,161,81,67,94,N,N,N,N,634,5483,1358,295,32,135,540,1312,138,40,68,40,757,679,4.24,6,10,42,4326,1440,164,476,1098,117,132,0.981,Milwaukee Brewers,Miller Park,2062382,100,101,MIL,ML4,MIL
2004,AL,MIN,MIN,C,1,162,81,92,70,Y,N,N,N,780,5623,1494,310,24,191,513,982,116,46,64,40,715,661,4.03,4,9,48,4428,1523,167,431,1123,101,158,0.984,Minnesota Twins,Hubert H Humphrey Metrodome,1911490,103,102,MIN,MIN,MIN
2004,NL,MON,WSN,E,5,162,80,67,95,N,N,N,N,635,5474,1361,276,27,151,496,925,109,38,35,33,769,696,4.33,11,11,31,4341,1477,191,582,1032,99,172,0.984,Montreal Expos,Stade Olympique/Hiram Bithorn Stadium,749550,105,105,MON,MON,MON
2004,AL,NYA,NYY,E,1,162,81,101,61,Y,N,N,N,897,5527,1483,281,20,242,670,982,84,33,80,50,808,752,4.69,1,5,59,4331,1532,182,445,1058,99,148,0.984,New York Yankees,Yankee Stadium II,3775292,98,97,NYY,NYA,NYA
2004,NL,NYN,NYM,E,4,162,81,71,91,N,N,N,N,684,5532,1376,289,20,185,512,1159,107,23,61,34,731,658,4.09,2,6,31,4347,1452,156,592,977,137,144,0.978,New York Mets,Shea Stadium,2318951,99,99,NYM,NYN,NYN
2004,AL,OAK,OAK,W,2,162,81,91,71,N,N,N,N,793,5728,1545,336,15,189,608,1061,47,22,55,43,742,682,4.17,10,8,35,4414,1466,164,544,1034,91,172,0.986,Oakland Athletics,Network Associates Coliseum,2201516,99,98,OAK,OAK,OAK
2004,NL,PHI,PHI,E,2,162,81,86,76,N,N,N,N,840,5643,1505,303,23,215,645,1133,100,27,58,46,781,724,4.45,4,5,43,4388,1488,214,502,1070,81,142,0.987,Philadelphia Phillies,Citizens Bank Park,3250092,105,104,PHI,PHI,PHI
2004,NL,PIT,PIT,C,5,161,80,72,89,N,N,N,N,680,5483,1428,267,39,142,415,1066,63,40,95,42,744,680,4.29,3,8,46,4284,1451,149,576,1079,103,189,0.983,Pittsburgh Pirates,PNC Park,1580031,99,100,PIT,PIT,PIT
2004,NL,SDN,SDP,W,3,162,81,87,75,N,N,N,N,768,5573,1521,304,32,139,566,910,52,25,56,66,705,645,4.03,3,8,44,4323,1460,184,422,1079,108,146,0.982,San Diego Padres,Petco Park,3016752,90,90,SDP,SDN,SDN
2004,AL,SEA,SEA,W,4,162,82,63,99,N,N,N,N,698,5722,1544,276,20,136,492,1058,110,42,54,48,823,772,4.76,7,7,28,4378,1498,212,575,1036,103,140,0.983,Seattle Mariners,Safeco Field,2940731,97,98,SEA,SEA,SEA
2004,NL,SFN,SFG,W,2,162,82,91,71,N,N,N,N,850,5546,1500,314,33,183,705,874,43,23,72,51,770,695,4.29,8,8,46,4371,1481,161,548,1020,101,153,0.984,San Francisco Giants,SBC Park,3256854,101,101,SFG,SFN,SFN
2004,NL,SLN,STL,C,1,162,81,105,57,Y,N,Y,N,855,5555,1544,319,24,214,548,1085,111,47,51,70,659,605,3.75,4,12,57,4361,1378,169,440,1041,97,154,0.985,St. Louis Cardinals,Busch Stadium II,3048427,100,99,STL,SLN,SLN
2004,AL,TBA,TBD,E,4,161,80,70,91,N,N,N,N,714,5483,1416,278,46,145,469,944,132,42,55,56,842,757,4.81,3,5,35,4251,1459,192,580,923,119,139,0.98,Tampa Bay Devil Rays,Tropicana Field,1274911,96,98,TBD,TBA,TBA
2004,AL,TEX,TEX,W,3,162,81,89,73,N,N,N,N,860,5615,1492,323,34,227,500,1099,69,36,61,57,794,724,4.53,5,9,52,4319,1536,182,547,979,117,152,0.981,Texas Rangers,The Ballpark at Arlington,2513685,108,109,TEX,TEX,TEX
2004,AL,TOR,TOR,E,5,161,81,67,94,N,N,N,N,719,5531,1438,290,34,145,513,1083,58,31,71,42,823,775,4.91,6,11,37,4263,1505,181,608,956,91,150,0.985,Toronto Blue Jays,Skydome,1900041,104,104,TOR,TOR,TOR
2005,NL,ARI,ARI,W,2,162,81,77,85,N,N,N,N,696,5550,1419,291,27,191,606,1094,67,26,55,45,856,783,4.84,6,10,45,4369,1580,193,537,1038,94,159,0.985,Arizona Diamondbacks,Bank One Ballpark,2059424,103,105,ARI,ARI,ARI
2005,NL,ATL,ATL,E,1,162,81,90,72,Y,N,N,N,769,5486,1453,308,37,184,534,1084,92,32,45,46,674,639,3.98,8,12,38,4331,1487,145,520,929,86,170,0.986,Atlanta Braves,Turner Field,2521167,101,100,ATL,ATL,ATL
2005,AL,BAL,BAL,E,4,162,81,74,88,N,N,N,N,729,5551,1492,296,27,189,447,902,83,37,54,42,800,724,4.56,2,9,38,4283,1458,180,580,1052,107,154,0.982,Baltimore Orioles,Oriole Park at Camden Yards,2624740,99,99,BAL,BAL,BAL
2005,AL,BOS,BOS,E,2,162,81,95,67,N,Y,N,N,910,5626,1579,339,21,199,653,1044,45,12,47,63,805,752,4.74,6,8,38,4287,1550,164,440,959,109,135,0.982,Boston Red Sox,Fenway Park II,2847888,104,104,BOS,BOS,BOS
2005,AL,CHA,CHW,C,1,162,81,99,63,Y,N,Y,Y,741,5529,1450,253,23,200,435,1002,137,67,79,49,645,592,3.61,9,10,54,4427,1392,167,459,1040,94,166,0.985,Chicago White Sox,U.S. Cellular Field,2342833,103,103,CHW,CHA,CHA
2005,NL,CHN,CHC,C,4,162,81,79,83,N,N,N,N,703,5584,1506,323,23,194,419,920,65,39,50,37,714,671,4.19,8,10,39,4320,1357,186,576,1256,101,136,0.983,Chicago Cubs,Wrigley Field,3099992,104,104,CHC,CHN,CHN
2005,NL,CIN,CIN,C,5,163,82,73,89,N,N,N,N,820,5565,1453,335,15,222,611,1303,72,23,62,39,889,820,5.15,2,1,31,4299,1657,219,492,955,104,133,0.983,Cincinnati Reds,Great American Ball Park,1943067,100,101,CIN,CIN,CIN
2005,AL,CLE,CLE,C,2,162,81,93,69,N,N,N,N,790,5609,1522,337,30,207,503,1093,62,36,54,50,642,582,3.61,6,10,51,4358,1363,157,413,1050,106,156,0.983,Cleveland Indians,Jacobs Field,2013763,96,96,CLE,CLE,CLE
2005,NL,COL,COL,W,5,162,81,67,95,N,N,N,N,740,5542,1477,280,34,150,509,1103,65,32,64,34,862,808,5.13,4,4,37,4256,1600,175,604,981,118,158,0.981,Colorado Rockies,Coors Field,1914389,112,113,COL,COL,COL
2005,AL,DET,DET,C,4,162,81,71,91,N,N,N,N,723,5602,1521,283,45,168,384,1038,66,28,53,52,787,719,4.51,7,2,37,4307,1504,193,461,907,110,171,0.982,Detroit Tigers,Comerica Park,2024431,98,98,DET,DET,DET
2005,NL,FLO,FLA,E,3,162,81,83,79,N,N,N,N,717,5502,1499,306,32,128,512,918,96,38,67,50,732,666,4.16,14,15,42,4327,1459,116,563,1125,103,177,0.983,Florida Marlins,Dolphin Stadium,1852608,94,94,FLA,FLO,FLO
2005,NL,HOU,HOU,C,2,163,81,89,73,N,Y,Y,N,693,5462,1400,281,32,161,481,1037,115,44,72,42,609,563,3.51,6,11,45,4329,1336,155,440,1164,89,146,0.985,Houston Astros,Minute Maid Park,2804760,101,100,HOU,HOU,HOU
2005,AL,KCA,KCR,C,5,162,81,56,106,N,N,N,N,701,5503,1445,289,34,126,424,1008,53,33,63,50,935,862,5.49,4,4,25,4240,1640,178,580,924,125,163,0.979,Kansas City Royals,Kauffman Stadium,1371181,99,101,KCR,KCA,KCA
2005,AL,LAA,ANA,W,1,162,81,95,67,Y,N,N,N,761,5624,1520,278,30,147,447,848,161,57,29,39,643,598,3.68,7,11,54,4393,1419,158,443,1126,87,139,0.986,Los Angeles Angels of Anaheim,Angel Stadium,3404686,98,97,LAA,ANA,ANA
2005,NL,LAN,LAD,W,4,162,81,71,91,N,N,N,N,685,5433,1374,284,21,149,541,1094,58,35,67,33,755,695,4.38,6,9,40,4282,1434,182,471,1004,106,141,0.983,Los Angeles Dodgers,Dodger Stadium,3603646,98,97,LAD,LAN,LAN
2005,NL,MIL,MIL,C,3,162,81,81,81,N,N,N,N,726,5448,1413,327,19,175,531,1162,79,34,73,38,697,635,3.97,7,6,46,4314,1382,169,569,1173,119,139,0.98,Milwaukee Brewers,Miller Park,2211023,101,101,MIL,ML4,MIL
2005,AL,MIN,MIN,C,3,162,81,83,79,N,N,N,N,688,5564,1441,269,32,134,485,978,102,44,59,42,662,604,3.71,9,8,44,4393,1458,169,348,965,102,171,0.984,Minnesota Twins,Hubert H Humphrey Metrodome,2034243,102,102,MIN,MIN,MIN
2005,AL,NYA,NYY,E,1,162,81,95,67,Y,N,N,N,886,5624,1552,259,16,229,637,989,84,27,73,43,789,718,4.52,8,14,46,4292,1495,164,463,985,95,151,0.984,New York Yankees,Yankee Stadium II,4090696,98,97,NYY,NYA,NYA
2005,NL,NYN,NYM,E,3,162,81,83,79,N,N,N,N,722,5505,1421,279,32,175,486,1075,153,40,48,38,648,599,3.76,8,11,38,4307,1390,135,491,1012,106,146,0.983,New York Mets,Shea Stadium,2829929,98,97,NYM,NYN,NYN
2005,AL,OAK,OAK,W,2,162,81,88,74,N,N,N,N,772,5627,1476,310,20,155,537,819,31,22,52,40,658,594,3.69,9,12,38,4351,1315,154,504,1075,88,166,0.986,Oakland Athletics,McAfee Coliseum,2109118,101,100,OAK,OAK,OAK
2005,NL,PHI,PHI,E,2,162,81,88,74,N,N,N,N,807,5542,1494,282,35,167,639,1083,116,27,56,46,726,672,4.21,4,6,40,4305,1379,189,487,1159,90,132,0.985,Philadelphia Phillies,Citizens Bank Park,2665304,105,104,PHI,PHI,PHI
2005,NL,PIT,PIT,C,6,162,81,67,95,N,N,N,N,680,5573,1445,292,38,139,471,1092,73,30,72,49,769,706,4.42,4,14,35,4308,1456,162,612,958,117,193,0.981,Pittsburgh Pirates,PNC Park,1817245,99,100,PIT,PIT,PIT
2005,NL,SDN,SDP,W,1,162,81,82,80,Y,N,N,N,684,5502,1416,269,39,130,600,977,99,44,49,48,726,668,4.13,4,8,45,4366,1452,146,503,1133,109,136,0.982,San Diego Padres,Petco Park,2869787,92,91,SDP,SDN,SDN
2005,AL,SEA,SEA,W,4,162,81,69,93,N,N,N,N,699,5507,1408,289,34,130,466,986,102,47,48,37,751,712,4.49,6,7,39,4283,1483,179,496,892,86,144,0.986,Seattle Mariners,Safeco Field,2725459,95,96,SEA,SEA,SEA
2005,NL,SFN,SFG,W,3,162,81,75,87,N,N,N,N,649,5462,1427,299,26,128,431,901,71,35,49,44,745,695,4.33,4,8,46,4333,1456,151,592,972,90,146,0.985,San Francisco Giants,SBC Park,3181023,101,101,SFG,SFN,SFN
2005,NL,SLN,STL,C,1,162,81,100,62,Y,N,N,N,805,5538,1494,287,26,170,534,947,83,36,62,35,634,560,3.49,15,14,48,4337,1399,153,443,974,100,196,0.984,St. Louis Cardinals,Busch Stadium II,3538988,101,100,STL,SLN,SLN
2005,AL,TBA,TBD,E,5,162,81,67,95,N,N,N,N,750,5552,1519,289,40,157,412,990,151,49,69,51,936,851,5.39,1,4,43,4265,1570,194,615,949,124,139,0.979,Tampa Bay Devil Rays,Tropicana Field,1141669,99,100,TBD,TBA,TBA
2005,AL,TEX,TEX,W,3,162,81,79,83,N,N,N,N,865,5716,1528,311,29,260,495,1112,67,15,48,32,858,794,4.96,2,6,46,4320,1589,159,522,932,108,149,0.982,Texas Rangers,Ameriquest Field,2525221,106,106,TEX,TEX,TEX
2005,AL,TOR,TOR,E,3,162,81,80,82,N,N,N,N,775,5581,1480,307,39,136,486,955,72,35,89,56,705,653,4.06,9,8,35,4341,1475,185,444,958,95,154,0.985,Toronto Blue Jays,Rogers Centre,2014995,102,102,TOR,TOR,TOR
2005,NL,WAS,WSN,E,5,162,81,81,81,N,N,N,N,639,5426,1367,311,32,117,491,1090,45,45,89,45,673,627,3.87,4,9,51,4374,1456,140,539,997,92,156,0.985,Washington Nationals,R.F.K. Stadium,2731993,95,96,WSN,MON,WAS
2006,NL,ARI,ARI,W,4,162,81,76,86,N,N,N,N,773,5645,1506,331,38,160,504,965,76,30,67,53,788,727,4.48,8,9,34,4379,1503,168,536,1115,104,172,0.983,Arizona Diamondbacks,Chase Field,2091685,105,105,ARI,ARI,ARI
2006,NL,ATL,ATL,E,3,162,81,79,83,N,N,N,N,849,5583,1510,312,26,222,526,1169,52,35,52,44,805,736,4.6,6,6,38,4324,1529,183,572,1049,99,146,0.984,Atlanta Braves,Turner Field,2550524,100,99,ATL,ATL,ATL
2006,AL,BAL,BAL,E,4,162,81,70,92,N,N,N,N,768,5610,1556,288,20,164,474,878,121,32,73,41,899,843,5.35,5,9,35,4257,1579,216,613,1016,102,156,0.983,Baltimore Orioles,Oriole Park at Camden Yards,2153139,99,100,BAL,BAL,BAL
2006,AL,BOS,BOS,E,3,162,81,86,76,N,N,N,N,820,5619,1510,327,16,192,672,1056,51,23,66,56,825,773,4.83,3,6,46,4324,1570,181,509,1070,66,174,0.989,Boston Red Sox,Fenway Park II,2930588,105,104,BOS,BOS,BOS
2006,AL,CHA,CHW,C,3,162,81,90,72,N,N,N,N,868,5657,1586,291,20,236,502,1056,93,48,58,57,794,743,4.61,5,11,46,4347,1534,200,433,1012,90,145,0.985,Chicago White Sox,U.S. Cellular Field,2957414,104,104,CHW,CHA,CHA
2006,NL,CHN,CHC,C,6,162,81,66,96,N,N,N,N,716,5587,1496,271,46,166,395,928,121,49,43,37,834,758,4.74,2,7,29,4317,1396,210,687,1250,106,122,0.982,Chicago Cubs,Wrigley Field,3123215,103,103,CHC,CHN,CHN
2006,NL,CIN,CIN,C,3,162,82,80,82,N,N,N,N,749,5515,1419,291,12,217,614,1192,124,33,59,38,801,725,4.51,9,10,36,4337,1576,213,464,1053,128,139,0.979,Cincinnati Reds,Great American Ball Park,2134607,104,104,CIN,CIN,CIN
2006,AL,CLE,CLE,C,4,162,81,78,84,N,N,N,N,870,5619,1576,351,27,196,556,1204,55,23,54,43,782,698,4.41,13,13,24,4270,1583,166,429,948,118,165,0.981,Cleveland Indians,Jacobs Field,1997995,99,98,CLE,CLE,CLE
2006,NL,COL,COL,W,4,162,81,76,86,N,N,N,N,813,5562,1504,325,54,157,561,1108,85,50,60,45,812,749,4.66,5,8,34,4342,1549,155,553,952,91,190,0.985,Colorado Rockies,Coors Field,2104362,109,109,COL,COL,COL
2006,AL,DET,DET,C,2,162,81,95,67,N,Y,Y,N,822,5642,1548,294,40,203,430,1133,60,40,45,36,675,618,3.84,3,16,46,4344,1420,160,489,1003,106,162,0.983,Detroit Tigers,Comerica Park,2595937,100,100,DET,DET,DET
2006,NL,FLO,FLA,E,4,162,81,78,84,N,N,N,N,758,5502,1454,309,42,182,497,1249,110,58,74,42,772,696,4.37,6,6,41,4300,1465,166,622,1088,126,166,0.979,Florida Marlins,Dolphin Stadium,1164134,95,96,FLA,FLO,FLO
2006,NL,HOU,HOU,C,2,162,81,82,80,N,N,N,N,735,5521,1407,275,27,174,585,1076,79,36,73,46,719,666,4.08,5,12,42,4406,1425,182,480,1160,80,164,0.987,Houston Astros,Minute Maid Park,3022763,100,99,HOU,HOU,HOU
2006,AL,KCA,KCR,C,5,162,81,62,100,N,N,N,N,757,5589,1515,335,37,124,474,1040,65,34,64,48,971,896,5.65,3,5,35,4279,1648,213,637,904,98,189,0.984,Kansas City Royals,Kauffman Stadium,1372638,101,103,KCR,KCA,KCA
2006,AL,LAA,ANA,W,2,162,81,89,73,N,N,N,N,766,5609,1539,309,29,159,486,914,148,57,42,53,732,652,4.04,5,12,50,4358,1410,158,471,1164,124,154,0.979,Los Angeles Angels of Anaheim,Angel Stadium,3406790,100,100,LAA,ANA,ANA
2006,NL,LAN,LAD,W,2,162,81,88,74,N,Y,N,N,820,5628,1552,307,58,153,601,959,128,49,51,48,751,686,4.23,1,10,40,4381,1524,152,492,1068,115,174,0.982,Los Angeles Dodgers,Dodger Stadium,3758545,101,100,LAD,LAN,LAN
2006,NL,MIL,MIL,C,4,162,81,75,87,N,N,N,N,730,5433,1400,301,20,180,502,1233,71,37,82,53,833,763,4.82,7,8,43,4277,1454,177,514,1145,117,126,0.98,Milwaukee Brewers,Miller Park,2335643,101,101,MIL,ML4,MIL
2006,AL,MIN,MIN,C,1,162,81,96,66,Y,N,N,N,801,5602,1608,275,34,143,490,872,101,42,50,55,683,632,3.95,1,6,40,4318,1490,182,356,1164,84,135,0.986,Minnesota Twins,Hubert H Humphrey Metrodome,2285018,98,98,MIN,MIN,MIN
2006,AL,NYA,NYY,E,1,162,81,97,65,Y,N,N,N,930,5651,1608,327,21,210,649,1053,139,35,72,49,767,708,4.41,5,8,43,4331,1463,170,496,1019,104,145,0.983,New York Yankees,Yankee Stadium II,4248067,101,99,NYY,NYA,NYA
2006,NL,NYN,NYM,E,1,162,81,97,65,Y,N,N,N,834,5558,1469,323,41,200,547,1071,146,35,62,47,731,673,4.14,5,12,43,4384,1402,180,527,1161,104,131,0.983,New York Mets,Shea Stadium,3379535,98,97,NYM,NYN,NYN
2006,AL,OAK,OAK,W,1,162,81,93,69,Y,N,N,N,771,5500,1429,266,22,175,650,976,61,20,50,56,727,679,4.21,5,11,54,4355,1525,162,529,1003,84,173,0.986,Oakland Athletics,McAfee Coliseum,1976625,97,97,OAK,OAK,OAK
2006,NL,PHI,PHI,E,2,162,81,85,77,N,N,N,N,865,5687,1518,294,41,216,626,1203,92,25,95,44,812,747,4.6,4,6,42,4381,1561,211,512,1138,104,153,0.983,Philadelphia Phillies,Citizens Bank Park,2701815,105,104,PHI,PHI,PHI
2006,NL,PIT,PIT,C,5,162,81,67,95,N,N,N,N,691,5558,1462,286,17,141,459,1200,68,23,89,49,797,720,4.52,2,10,39,4305,1545,156,620,1060,104,168,0.983,Pittsburgh Pirates,PNC Park,1861549,98,99,PIT,PIT,PIT
2006,NL,SDN,SDP,W,1,162,81,88,74,Y,N,N,N,731,5576,1465,298,38,161,564,1104,123,31,40,47,679,629,3.87,4,11,50,4391,1385,176,468,1097,92,138,0.985,San Diego Padres,Petco Park,2659757,91,90,SDP,SDN,SDN
2006,AL,SEA,SEA,W,4,162,81,78,84,N,N,N,N,756,5670,1540,266,42,172,404,974,106,37,63,38,792,739,4.6,6,6,47,4340,1500,183,560,1067,88,150,0.985,Seattle Mariners,Safeco Field,2481165,97,97,SEA,SEA,SEA
2006,NL,SFN,SFG,W,3,161,81,76,85,N,N,N,N,746,5472,1418,297,52,163,494,891,58,25,53,37,790,735,4.63,7,9,37,4289,1422,153,584,992,91,132,0.985,San Francisco Giants,AT&T Park,3130313,100,100,SFG,SFN,SFN
2006,NL,SLN,STL,C,1,161,80,83,78,Y,N,Y,Y,781,5522,1484,292,27,184,531,922,59,32,61,40,762,721,4.54,6,9,38,4289,1475,193,504,970,98,170,0.984,St. Louis Cardinals,Busch Stadium III,3407104,99,99,STL,SLN,SLN
2006,AL,TBA,TBD,E,5,162,81,61,101,N,N,N,N,689,5474,1395,267,33,190,441,1106,134,52,47,43,856,782,4.96,3,7,33,4261,1600,180,606,979,116,156,0.981,Tampa Bay Devil Rays,Tropicana Field,1368950,99,101,TBD,TBA,TBA
2006,AL,TEX,TEX,W,3,162,81,80,82,N,N,N,N,835,5659,1571,357,23,183,505,1061,53,24,40,50,784,731,4.6,3,8,42,4294,1558,162,496,972,98,174,0.984,Texas Rangers,Ameriquest Field,2388757,101,101,TEX,TEX,TEX
2006,AL,TOR,TOR,E,2,162,81,87,75,N,N,N,N,809,5596,1591,348,27,199,514,906,65,33,63,52,754,694,4.37,6,6,42,4285,1447,185,504,1076,99,157,0.984,Toronto Blue Jays,Rogers Centre,2302212,100,100,TOR,TOR,TOR
2006,NL,WAS,WSN,E,5,162,81,71,91,N,N,N,N,746,5495,1437,322,22,164,594,1156,123,62,69,49,872,803,5.03,1,3,32,4309,1535,193,584,960,131,123,0.978,Washington Nationals,R.F.K. Stadium,2153056,94,95,WSN,MON,WAS
2007,NL,ARI,ARI,W,1,162,81,90,72,Y,N,N,N,712,5398,1350,286,40,171,532,1111,109,24,57,58,732,662,4.13,7,12,51,4323,1446,169,546,1088,106,157,0.983,Arizona Diamondbacks,Chase Field,2325249,107,107,ARI,ARI,ARI
2007,NL,ATL,ATL,E,3,162,81,84,78,N,N,N,N,810,5689,1562,328,27,176,534,1149,64,30,49,47,733,665,4.11,1,6,36,4369,1442,172,537,1106,107,141,0.983,Atlanta Braves,Turner Field,2745207,98,98,ATL,ATL,ATL
2007,AL,BAL,BAL,E,4,162,81,69,93,N,N,N,N,756,5631,1529,306,30,142,500,939,144,42,47,47,868,827,5.17,4,9,30,4316,1491,161,696,1087,79,155,0.987,Baltimore Orioles,Oriole Park at Camden Yards,2164822,101,102,BAL,BAL,BAL
2007,AL,BOS,BOS,E,1,162,81,96,66,Y,N,Y,Y,867,5589,1561,352,35,166,689,1042,96,24,64,54,657,618,3.87,5,13,45,4316,1350,151,482,1149,81,145,0.986,Boston Red Sox,Fenway Park II,2970755,106,105,BOS,BOS,BOS
2007,AL,CHA,CHW,C,4,162,81,72,90,N,N,N,N,693,5441,1341,249,20,190,532,1149,78,45,52,35,839,763,4.77,9,9,42,4322,1556,174,499,1015,108,168,0.982,Chicago White Sox,U.S. Cellular Field,2684395,104,104,CHW,CHA,CHA
2007,NL,CHN,CHC,C,1,162,81,85,77,Y,N,N,N,752,5643,1530,340,28,151,500,1054,86,33,40,37,690,650,4.04,2,10,39,4340,1340,165,573,1211,94,134,0.984,Chicago Cubs,Wrigley Field,3252462,105,104,CHC,CHN,CHN
2007,NL,CIN,CIN,C,5,162,81,72,90,N,N,N,N,783,5607,1496,293,23,204,536,1113,97,31,66,46,853,796,4.94,6,7,34,4349,1605,198,482,1068,95,155,0.984,Cincinnati Reds,Great American Ball Park,2058593,104,104,CIN,CIN,CIN
2007,AL,CLE,CLE,C,1,162,80,96,66,Y,N,N,N,811,5604,1504,305,27,178,590,1202,72,41,80,59,704,658,4.05,9,9,49,4388,1519,146,410,1047,92,167,0.985,Cleveland Indians,Jacobs Field,2275912,101,100,CLE,CLE,CLE
2007,NL,COL,COL,W,2,163,82,90,73,N,Y,Y,N,860,5691,1591,313,36,171,622,1152,100,31,58,44,758,706,4.32,4,7,39,4416,1497,164,504,967,68,180,0.989,Colorado Rockies,Coors Field,2376250,107,108,COL,COL,COL
2007,AL,DET,DET,C,2,162,81,88,74,N,N,N,N,887,5757,1652,352,50,177,474,1054,103,30,56,45,797,735,4.57,1,9,44,4342,1498,174,566,1047,99,148,0.984,Detroit Tigers,Comerica Park,3047133,102,101,DET,DET,DET
2007,NL,FLO,FLA,E,5,162,81,71,91,N,N,N,N,790,5627,1504,340,38,201,521,1332,105,34,82,42,891,793,4.94,0,4,40,4331,1617,176,661,1142,137,159,0.977,Florida Marlins,Dolphin Stadium,1370511,97,98,FLA,FLO,FLO
2007,NL,HOU,HOU,C,4,162,81,73,89,N,N,N,N,723,5605,1457,293,30,167,547,1043,65,33,55,40,813,761,4.68,2,6,38,4394,1566,206,510,1109,103,128,0.983,Houston Astros,Minute Maid Park,3020405,100,100,HOU,HOU,HOU
2007,AL,KCA,KCR,C,5,162,81,69,93,N,N,N,N,706,5534,1447,300,46,102,428,1069,78,44,89,47,778,716,4.48,2,6,36,4312,1547,168,520,993,106,160,0.982,Kansas City Royals,Kauffman Stadium,1616867,100,101,KCR,KCA,KCA
2007,AL,LAA,ANA,W,1,162,81,94,68,Y,N,N,N,822,5554,1578,324,23,123,507,883,139,55,40,65,731,674,4.23,5,9,43,4305,1480,151,477,1156,101,154,0.983,Los Angeles Angels of Anaheim,Angel Stadium,3365632,101,100,LAA,ANA,ANA
2007,NL,LAN,LAD,W,4,162,81,82,80,N,N,N,N,735,5614,1544,276,35,129,511,864,137,50,41,55,727,677,4.2,4,6,43,4350,1443,146,518,1184,114,160,0.981,Los Angeles Dodgers,Dodger Stadium,3857036,101,100,LAD,LAN,LAN
2007,NL,MIL,MIL,C,2,162,81,83,79,N,N,N,N,801,5554,1455,310,37,231,501,1137,96,32,76,47,776,708,4.41,3,6,49,4333,1513,161,507,1174,109,144,0.982,Milwaukee Brewers,Miller Park,2869144,100,100,MIL,ML4,MIL
2007,AL,MIN,MIN,C,3,162,81,79,83,N,N,N,N,718,5522,1460,273,36,118,512,839,112,30,48,45,725,663,4.15,5,8,38,4310,1505,185,420,1094,95,151,0.984,Minnesota Twins,Hubert H Humphrey Metrodome,2296383,95,95,MIN,MIN,MIN
2007,AL,NYA,NYY,E,2,162,81,94,68,N,Y,N,N,968,5717,1656,326,32,201,637,991,123,40,78,54,777,724,4.49,1,5,34,4352,1498,150,578,1009,88,174,0.985,New York Yankees,Yankee Stadium II,4271083,101,100,NYY,NYA,NYA
2007,NL,NYN,NYM,E,2,162,81,88,74,N,N,N,N,804,5605,1543,294,27,177,549,981,200,46,54,58,750,687,4.26,2,10,39,4357,1415,165,570,1134,101,124,0.983,New York Mets,Shea Stadium,3853955,98,97,NYM,NYN,NYN
2007,AL,OAK,OAK,W,3,162,81,76,86,N,N,N,N,741,5577,1430,295,16,171,664,1119,52,20,49,56,758,689,4.28,4,9,36,4344,1468,138,530,1036,90,153,0.985,Oakland Athletics,McAfee Coliseum,1921844,94,94,OAK,OAK,OAK
2007,NL,PHI,PHI,E,1,162,81,89,73,Y,N,N,N,892,5688,1558,326,41,213,641,1205,138,19,90,52,821,767,4.73,5,5,42,4375,1555,198,558,1050,89,162,0.986,Philadelphia Phillies,Citizens Bank Park,3108325,104,103,PHI,PHI,PHI
2007,NL,PIT,PIT,C,6,162,81,68,94,N,N,N,N,724,5569,1463,322,31,148,463,1135,68,30,71,51,846,793,4.93,4,5,32,4343,1627,174,518,997,83,190,0.986,Pittsburgh Pirates,PNC Park,1749142,97,98,PIT,PIT,PIT
2007,NL,SDN,SDP,W,3,163,81,89,74,N,N,N,N,741,5612,1408,322,31,171,557,1229,55,24,49,44,666,611,3.7,1,20,45,4454,1406,119,474,1136,92,147,0.985,San Diego Padres,Petco Park,2790074,90,90,SDP,SDN,SDN
2007,AL,SEA,SEA,W,2,162,82,88,74,N,N,N,N,794,5684,1629,284,22,153,389,861,81,30,62,40,813,754,4.73,6,12,43,4303,1578,147,546,1020,90,167,0.985,Seattle Mariners,Safeco Field,2672223,96,97,SEA,SEA,SEA
2007,NL,SFN,SFG,W,5,162,81,71,91,N,N,N,N,683,5538,1407,267,37,131,532,907,119,33,39,36,720,677,4.19,5,10,37,4361,1442,133,593,1057,88,148,0.986,San Francisco Giants,AT&T Park,3223215,101,101,SFG,SFN,SFN
2007,NL,SLN,STL,C,3,162,81,78,84,N,N,N,N,725,5529,1513,279,13,141,506,909,56,33,54,54,829,741,4.65,2,8,34,4307,1514,168,509,945,121,155,0.98,St. Louis Cardinals,Busch Stadium III,3552180,99,99,STL,SLN,SLN
2007,AL,TBA,TBD,E,5,162,81,66,96,N,N,N,N,782,5593,1500,291,36,187,545,1324,131,48,53,52,944,879,5.53,2,2,28,4289,1649,199,568,1194,117,155,0.98,Tampa Bay Devil Rays,Tropicana Field,1387603,98,100,TBD,TBA,TBA
2007,AL,TEX,TEX,W,4,162,81,75,87,N,N,N,N,816,5555,1460,298,36,179,503,1224,88,25,56,42,844,755,4.75,0,6,42,4290,1525,155,668,976,124,179,0.98,Texas Rangers,Rangers Ballpark in Arlington,2353862,101,101,TEX,TEX,TEX
2007,AL,TOR,TOR,E,3,162,81,83,79,N,N,N,N,753,5536,1434,344,24,165,533,1044,57,22,47,48,699,644,4,11,9,44,4346,1383,157,479,1067,102,160,0.984,Toronto Blue Jays,Rogers Centre,2360644,100,99,TOR,TOR,TOR
2007,NL,WAS,WSN,E,4,162,81,73,89,N,N,N,N,673,5520,1415,309,31,123,524,1128,69,23,53,41,783,736,4.58,0,6,46,4340,1502,187,580,931,109,153,0.982,Washington Nationals,R.F.K. Stadium,1943812,94,95,WSN,MON,WAS
2008,NL,ARI,ARI,W,2,162,81,82,80,N,N,N,N,720,5409,1355,318,47,159,587,1287,58,23,49,43,706,635,3.98,6,9,39,4304,1403,147,451,1229,113,137,0.981,Arizona Diamondbacks,Chase Field,2509924,108,108,ARI,ARI,ARI
2008,NL,ATL,ATL,E,4,162,81,72,90,N,N,N,N,753,5604,1514,316,33,130,618,1023,58,27,42,34,778,714,4.46,2,7,26,4322,1439,156,586,1076,107,149,0.983,Atlanta Braves,Turner Field,2532834,98,98,ATL,ATL,ATL
2008,AL,BAL,BAL,E,5,161,81,68,93,N,N,N,N,782,5559,1486,322,30,172,533,990,81,37,42,48,869,810,5.13,4,4,35,4266,1538,184,687,922,100,163,0.983,Baltimore Orioles,Oriole Park at Camden Yards,1950075,101,102,BAL,BAL,BAL
2008,AL,BOS,BOS,E,2,162,81,95,67,N,Y,N,N,845,5596,1565,353,33,173,646,1068,120,35,70,62,694,645,4.01,5,16,47,4339,1369,147,548,1185,85,149,0.986,Boston Red Sox,Fenway Park II,3048250,108,106,BOS,BOS,BOS
2008,AL,CHA,CHW,C,1,163,82,89,74,Y,N,N,N,811,5553,1458,296,13,235,540,1016,67,34,63,47,729,658,4.06,4,10,34,4373,1471,156,460,1147,108,155,0.983,Chicago White Sox,U.S. Cellular Field,2500648,105,105,CHW,CHA,CHA
2008,NL,CHN,CHC,C,1,161,81,97,64,Y,N,N,N,855,5588,1552,329,21,184,636,1186,87,34,50,45,671,624,3.87,2,8,44,4352,1329,160,548,1264,99,118,0.983,Chicago Cubs,Wrigley Field,3300200,108,107,CHC,CHN,CHN
2008,NL,CIN,CIN,C,5,162,81,74,88,N,N,N,N,704,5465,1351,269,24,187,560,1125,85,47,50,41,800,729,4.55,2,6,34,4327,1542,201,557,1227,114,156,0.981,Cincinnati Reds,Great American Ball Park,2058632,102,103,CIN,CIN,CIN
2008,AL,CLE,CLE,C,3,162,81,81,81,N,N,N,N,805,5543,1455,339,22,171,560,1213,77,29,103,49,761,711,4.45,10,13,31,4311,1530,170,444,986,94,182,0.985,Cleveland Indians,Jacobs Field,2169760,98,98,CLE,CLE,CLE
2008,NL,COL,COL,W,3,162,81,74,88,N,N,N,N,747,5557,1462,310,28,160,570,1209,141,37,57,38,822,766,4.77,3,8,36,4338,1547,148,562,1041,96,176,0.985,Colorado Rockies,Coors Field,2650218,109,109,COL,COL,COL
2008,AL,DET,DET,C,5,162,81,74,88,N,N,N,N,821,5641,1529,293,41,200,572,1076,63,31,44,44,857,786,4.9,1,2,34,4335,1541,172,644,991,113,172,0.981,Detroit Tigers,Comerica Park,3202645,103,103,DET,DET,DET
2008,NL,FLO,FLA,E,3,161,81,84,77,N,N,N,N,770,5499,1397,302,28,208,543,1371,76,28,69,46,767,707,4.43,2,8,36,4306,1421,161,586,1127,117,122,0.98,Florida Marlins,Dolphin Stadium,1335076,101,101,FLA,FLO,FLO
2008,NL,HOU,HOU,C,3,161,80,86,75,N,N,N,N,712,5451,1432,284,22,167,449,1051,114,52,52,41,743,691,4.36,4,13,48,4276,1453,197,492,1095,67,142,0.989,Houston Astros,Minute Maid Park,2779487,98,98,HOU,HOU,HOU
2008,AL,KCA,KCR,C,4,162,81,75,87,N,N,N,N,691,5608,1507,303,28,120,392,1005,79,38,50,36,781,720,4.48,2,8,44,4337,1473,159,515,1085,96,159,0.984,Kansas City Royals,Kauffman Stadium,1578922,98,100,KCR,KCA,KCA
2008,AL,LAA,ANA,W,1,162,81,100,62,Y,N,N,N,765,5540,1486,274,25,159,481,987,129,48,52,50,697,644,3.99,7,10,66,4354,1455,160,457,1106,91,159,0.985,Los Angeles Angels of Anaheim,Angel Stadium,3336747,103,102,LAA,ANA,ANA
2008,NL,LAN,LAD,W,1,162,81,84,78,Y,N,N,N,700,5506,1455,271,29,137,543,1032,126,43,43,38,648,591,3.68,5,11,35,4342,1381,123,480,1205,101,138,0.984,Los Angeles Dodgers,Dodger Stadium,3730553,98,97,LAD,LAN,LAN
2008,NL,MIL,MIL,C,2,162,81,90,72,N,Y,N,N,750,5535,1398,324,35,198,550,1203,108,38,69,43,689,623,3.85,12,10,45,4367,1415,175,528,1110,101,160,0.984,Milwaukee Brewers,Miller Park,3068458,98,98,MIL,ML4,MIL
2008,AL,MIN,MIN,C,2,163,81,88,75,N,N,N,N,829,5641,1572,298,49,111,529,979,102,42,36,72,745,675,4.16,5,10,42,4377,1568,183,406,995,108,168,0.982,Minnesota Twins,Hubert H Humphrey Metrodome,2302431,96,96,MIN,MIN,MIN
2008,AL,NYA,NYY,E,3,162,81,89,73,N,N,N,N,789,5572,1512,289,20,180,535,1015,118,39,80,39,727,685,4.28,1,11,42,4325,1478,143,489,1141,83,141,0.986,New York Yankees,Yankee Stadium II,4298655,103,102,NYY,NYA,NYA
2008,NL,NYN,NYM,E,2,162,81,89,73,N,N,N,N,799,5606,1491,274,38,172,619,1024,138,36,39,49,715,662,4.07,5,12,43,4393,1415,163,590,1181,83,126,0.986,New York Mets,Shea Stadium,4042045,99,98,NYM,NYN,NYN
2008,AL,OAK,OAK,W,3,161,81,75,86,N,N,N,N,646,5451,1318,270,23,125,574,1226,88,21,48,35,690,640,4.01,4,7,33,4305,1364,135,576,1061,98,169,0.984,Oakland Athletics,McAfee Coliseum,1665256,95,95,OAK,OAK,OAK
2008,NL,PHI,PHI,E,1,162,81,92,70,Y,N,Y,Y,799,5509,1407,291,36,214,586,1117,136,25,67,40,680,625,3.88,4,11,47,4349,1444,160,533,1081,90,142,0.985,Philadelphia Phillies,Citizens Bank Park,3422583,103,102,PHI,PHI,PHI
2008,NL,PIT,PIT,C,6,162,81,67,95,N,N,N,N,735,5628,1454,314,21,153,474,1039,57,19,59,51,884,822,5.08,3,7,34,4365,1631,176,657,963,107,179,0.983,Pittsburgh Pirates,PNC Park,1609076,96,98,PIT,PIT,PIT
2008,NL,SDN,SDP,W,5,162,81,63,99,N,N,N,N,637,5568,1390,264,27,154,518,1259,36,17,53,46,764,714,4.41,3,6,30,4375,1466,165,561,1100,85,149,0.986,San Diego Padres,Petco Park,2427535,88,88,SDP,SDN,SDN
2008,AL,SEA,SEA,W,4,162,81,61,101,N,N,N,N,671,5643,1498,285,20,124,417,890,90,32,38,42,811,754,4.73,4,4,36,4306,1544,161,626,1016,99,160,0.984,Seattle Mariners,Safeco Field,2329702,97,97,SEA,SEA,SEA
2008,NL,SFN,SFG,W,4,162,81,72,90,N,N,N,N,640,5543,1452,311,37,94,452,1044,108,46,48,44,759,701,4.38,4,12,41,4326,1416,147,652,1240,96,129,0.983,San Francisco Giants,AT&T Park,2863837,102,103,SFG,SFN,SFN
2008,NL,SLN,STL,C,4,162,81,86,76,N,N,N,N,779,5636,1585,283,26,174,577,985,73,32,42,44,725,677,4.19,2,7,42,4362,1517,163,496,957,85,156,0.986,St. Louis Cardinals,Busch Stadium III,3432917,99,99,STL,SLN,SLN
2008,AL,TBA,TBD,E,1,162,81,97,65,Y,N,Y,N,774,5541,1443,284,37,180,626,1224,142,50,68,52,671,618,3.82,7,12,52,4373,1349,166,526,1143,90,153,0.985,Tampa Bay Rays,Tropicana Field,1811986,101,101,TBR,TBA,TBA
2008,AL,TEX,TEX,W,2,162,81,79,83,N,N,N,N,901,5728,1619,376,35,194,595,1207,81,25,63,54,967,860,5.37,6,8,36,4326,1647,176,625,963,132,191,0.978,Texas Rangers,Rangers Ballpark in Arlington,1945677,102,102,TEX,TEX,TEX
2008,AL,TOR,TOR,E,4,162,81,86,76,N,N,N,N,714,5503,1453,303,32,126,521,938,80,27,59,56,610,561,3.49,15,13,44,4340,1330,134,467,1184,84,137,0.986,Toronto Blue Jays,Rogers Centre,2399786,98,97,TOR,TOR,TOR
2008,NL,WAS,WSN,E,5,161,80,59,102,N,N,N,N,641,5491,1376,269,26,117,534,1095,81,43,67,36,825,742,4.66,2,8,28,4302,1496,190,588,1063,123,143,0.98,Washington Nationals,Nationals Park,2320400,99,100,WSN,MON,WAS
2009,NL,ARI,ARI,W,5,162,81,70,92,N,N,N,N,720,5565,1408,307,45,173,571,1298,102,40,37,41,782,711,4.42,4,12,36,4343,1470,168,525,1158,124,133,0.98,Arizona Diamondbacks,Chase Field,2128765,105,106,ARI,ARI,ARI
2009,NL,ATL,ATL,E,3,162,81,86,76,N,N,N,N,735,5539,1459,300,20,149,602,1064,58,26,52,47,641,581,3.57,3,10,38,4388,1399,119,530,1232,96,159,0.985,Atlanta Braves,Turner Field,2373631,99,98,ATL,ATL,ATL
2009,AL,BAL,BAL,E,5,162,81,64,98,N,N,N,N,741,5618,1508,307,19,160,517,1013,76,37,39,46,876,817,5.15,2,3,31,4287,1633,218,546,933,90,151,0.985,Baltimore Orioles,Oriole Park at Camden Yards,1907163,101,102,BAL,BAL,BAL
2009,AL,BOS,BOS,E,2,162,81,95,67,N,Y,N,N,872,5543,1495,335,25,212,659,1120,126,39,70,51,736,695,4.35,8,11,41,4310,1494,167,530,1230,82,121,0.986,Boston Red Sox,Fenway Park II,3062699,106,105,BOS,BOS,BOS
2009,AL,CHA,CHW,C,3,162,81,79,83,N,N,N,N,724,5463,1410,246,20,184,534,1022,113,49,62,39,732,663,4.14,4,11,36,4319,1438,169,507,1119,113,158,0.981,Chicago White Sox,U.S. Cellular Field,2284163,105,105,CHW,CHA,CHA
2009,NL,CHN,CHC,C,2,161,80,83,78,N,N,N,N,707,5486,1398,293,29,161,592,1185,56,34,59,42,672,616,3.84,3,8,40,4336,1329,160,586,1272,105,144,0.983,Chicago Cubs,Wrigley Field,3168859,107,106,CHC,CHN,CHN
2009,NL,CIN,CIN,C,4,162,81,78,84,N,N,N,N,673,5462,1349,280,25,158,531,1129,96,40,53,41,723,677,4.18,6,12,41,4375,1420,188,577,1069,89,161,0.985,Cincinnati Reds,Great American Ball Park,1747919,100,100,CIN,CIN,CIN
2009,AL,CLE,CLE,C,4,162,81,65,97,N,N,N,N,773,5568,1468,314,28,161,582,1211,84,31,81,50,865,806,5.06,5,6,25,4302,1570,183,598,986,97,170,0.984,Cleveland Indians,Jacobs Field,1766242,95,95,CLE,CLE,CLE
2009,NL,COL,COL,W,2,162,81,92,70,N,Y,N,N,804,5398,1408,300,50,190,660,1277,106,55,47,60,715,675,4.22,5,7,45,4315,1427,141,528,1154,87,146,0.986,Colorado Rockies,Coors Field,2665080,112,112,COL,COL,COL
2009,AL,DET,DET,C,2,163,81,86,77,N,N,N,N,743,5540,1443,245,35,183,540,1114,72,33,61,39,745,690,4.29,4,9,42,4341,1449,182,594,1102,88,164,0.985,Detroit Tigers,Comerica Park,2567165,101,102,DET,DET,DET
2009,NL,FLO,FLA,E,2,162,81,87,75,N,N,N,N,772,5572,1493,296,25,159,568,1226,75,35,63,39,766,690,4.29,5,5,45,4339,1425,160,601,1248,106,129,0.982,Florida Marlins,Dolphin Stadium,1464109,102,102,FLA,FLO,FLO
2009,NL,HOU,HOU,C,5,162,81,74,88,N,N,N,N,643,5436,1415,270,32,142,448,990,113,44,43,45,770,722,4.54,5,10,39,4290,1521,176,546,1144,78,161,0.987,Houston Astros,Minute Maid Park,2521076,98,98,HOU,HOU,HOU
2009,AL,KCA,KCR,C,4,162,81,65,97,N,N,N,N,686,5532,1432,276,51,144,457,1091,88,29,42,32,842,765,4.83,10,9,34,4278,1486,166,600,1153,117,159,0.98,Kansas City Royals,Kauffman Stadium,1797891,97,99,KCR,KCA,KCA
2009,AL,LAA,ANA,W,1,162,81,97,65,Y,N,N,N,883,5622,1604,293,33,173,547,1054,148,63,41,52,761,715,4.45,9,13,51,4335,1513,180,523,1062,85,174,0.986,Los Angeles Angels of Anaheim,Angel Stadium,3240386,99,98,LAA,ANA,ANA
2009,NL,LAN,LAD,W,1,162,81,95,67,Y,N,N,N,780,5592,1511,278,39,145,607,1068,116,48,63,44,611,558,3.41,1,9,44,4420,1265,127,584,1272,83,134,0.986,Los Angeles Dodgers,Dodger Stadium,3761655,96,95,LAD,LAN,LAN
2009,NL,MIL,MIL,C,3,162,81,80,82,N,N,N,N,785,5510,1447,281,37,182,610,1231,68,37,71,47,818,770,4.83,1,8,44,4305,1498,207,607,1104,98,149,0.984,Milwaukee Brewers,Miller Park,3037451,98,98,MIL,ML4,MIL
2009,AL,MIN,MIN,C,1,163,82,87,76,Y,N,N,N,817,5608,1539,271,40,172,585,1021,85,32,45,57,765,726,4.5,4,7,48,4359,1542,185,466,1052,76,135,0.987,Minnesota Twins,Hubert H Humphrey Metrodome,2416237,99,98,MIN,MIN,MIN
2009,AL,NYA,NYY,E,1,162,81,103,59,Y,N,Y,Y,915,5660,1604,325,21,244,663,1014,111,28,54,39,753,687,4.26,3,8,51,4350,1386,181,574,1260,86,131,0.985,New York Yankees,Yankee Stadium III,3719358,105,103,NYY,NYA,NYA
2009,NL,NYN,NYM,E,4,162,81,70,92,N,N,N,N,671,5453,1472,295,49,95,526,928,122,44,36,55,757,705,4.45,3,12,39,4278,1452,158,616,1031,97,134,0.984,New York Mets,Citi Field,3168571,97,97,NYM,NYN,NYN
2009,AL,OAK,OAK,W,4,162,81,75,87,N,N,N,N,759,5584,1464,307,21,135,527,1046,133,48,50,54,761,685,4.26,2,10,38,4342,1486,156,523,1124,105,155,0.983,Oakland Athletics,Oakland-Alameda Country Coliseum,1408783,99,99,OAK,OAK,OAK
2009,NL,PHI,PHI,E,1,162,81,93,69,Y,N,Y,N,820,5578,1439,312,35,224,589,1155,119,28,71,45,709,673,4.16,8,9,44,4367,1479,189,489,1153,76,132,0.987,Philadelphia Phillies,Citizens Bank Park,3600693,101,100,PHI,PHI,PHI
2009,NL,PIT,PIT,C,6,161,81,62,99,N,N,N,N,636,5417,1364,289,34,125,499,1142,90,32,46,36,768,723,4.59,5,7,28,4255,1491,152,563,919,73,171,0.988,Pittsburgh Pirates,PNC Park,1577853,98,99,PIT,PIT,PIT
2009,NL,SDN,SDP,W,4,162,81,75,87,N,N,N,N,638,5425,1315,265,31,141,586,1182,82,29,57,36,769,704,4.37,2,9,45,4352,1422,167,603,1187,94,146,0.984,San Diego Padres,Petco Park,1919603,90,90,SDP,SDN,SDN
2009,AL,SEA,SEA,W,3,162,81,85,77,N,N,N,N,640,5543,1430,280,19,160,421,1093,89,33,49,44,692,625,3.87,4,10,49,4358,1359,172,534,1043,105,150,0.982,Seattle Mariners,Safeco Field,2195533,94,96,SEA,SEA,SEA
2009,NL,SFN,SFG,W,3,162,81,88,74,N,N,N,N,657,5493,1411,275,43,122,392,1158,78,28,50,55,611,571,3.55,11,18,41,4338,1268,140,584,1302,88,138,0.985,San Francisco Giants,AT&T Park,2862110,102,102,SFG,SFN,SFN
2009,NL,SLN,STL,C,1,162,81,91,71,Y,N,N,N,730,5465,1436,294,29,160,528,1041,75,31,61,43,640,586,3.66,8,11,43,4322,1407,123,460,1049,96,167,0.985,St. Louis Cardinals,Busch Stadium III,3343252,98,97,STL,SLN,SLN
2009,AL,TBA,TBD,E,3,162,81,84,78,N,N,N,N,803,5462,1434,297,36,199,642,1229,194,61,49,45,754,686,4.33,3,5,41,4282,1421,183,515,1125,98,135,0.983,Tampa Bay Rays,Tropicana Field,1874962,98,97,TBR,TBA,TBA
2009,AL,TEX,TEX,W,2,162,81,87,75,N,N,N,N,784,5526,1436,296,27,224,472,1253,149,36,37,51,740,698,4.38,8,11,45,4304,1432,171,531,1016,106,168,0.982,Texas Rangers,Rangers Ballpark in Arlington,2156016,104,104,TEX,TEX,TEX
2009,AL,TOR,TOR,E,4,162,81,75,87,N,N,N,N,798,5696,1516,339,13,209,548,1028,73,23,45,49,771,720,4.47,10,10,25,4353,1509,181,551,1181,76,168,0.988,Toronto Blue Jays,Rogers Centre,1876129,100,99,TOR,TOR,TOR
2009,NL,WAS,WSN,E,5,162,81,59,103,N,N,N,N,710,5493,1416,271,38,156,617,1208,73,40,56,42,874,791,5,6,3,33,4273,1533,173,629,911,143,155,0.977,Washington Nationals,Nationals Park,1817226,99,101,WSN,MON,WAS
2010,NL,ARI,ARI,W,5,162,81,65,97,N,N,N,N,713,5473,1366,301,34,180,589,1529,86,41,39,41,836,765,4.81,3,3,35,4296,1503,210,548,1070,102,152,0.983,Arizona Diamondbacks,Chase Field,2056941,104,105,ARI,ARI,ARI
2010,NL,ATL,ATL,E,2,162,81,91,71,N,Y,N,N,738,5463,1411,312,25,139,634,1140,63,29,51,35,629,569,3.56,2,9,41,4318,1326,126,505,1241,126,166,0.98,Atlanta Braves,Turner Field,2510119,98,97,ATL,ATL,ATL
2010,AL,BAL,BAL,E,5,162,81,66,96,N,N,N,N,613,5554,1440,264,21,133,424,1056,76,34,54,45,785,733,4.59,3,7,35,4309,1508,186,520,1007,105,141,0.982,Baltimore Orioles,Oriole Park at Camden Yards,1733018,101,102,BAL,BAL,BAL
2010,AL,BOS,BOS,E,3,162,81,89,73,N,N,N,N,818,5646,1511,358,22,211,587,1140,68,17,47,46,744,679,4.2,3,9,44,4370,1402,152,580,1207,111,132,0.982,Boston Red Sox,Fenway Park II,3046443,106,105,BOS,BOS,BOS
2010,AL,CHA,CHW,C,2,162,81,88,74,N,N,N,N,752,5484,1467,263,21,177,467,922,160,74,79,38,704,658,4.09,6,11,43,4339,1471,136,490,1149,103,158,0.983,Chicago White Sox,U.S. Cellular Field,2194378,105,105,CHW,CHA,CHA
2010,NL,CHN,CHC,C,5,162,81,75,87,N,N,N,N,685,5512,1414,298,27,149,479,1236,55,31,50,38,767,668,4.18,1,14,40,4310,1409,154,605,1268,126,137,0.979,Chicago Cubs,Wrigley Field,3062973,108,108,CHC,CHN,CHN
2010,NL,CIN,CIN,C,1,162,81,91,71,Y,N,N,N,790,5579,1515,293,30,188,522,1218,93,43,68,50,685,648,4.01,4,9,43,4359,1404,158,524,1130,72,142,0.988,Cincinnati Reds,Great American Ball Park,2060550,99,99,CIN,CIN,CIN
2010,AL,CLE,CLE,C,4,162,81,69,93,N,N,N,N,646,5487,1362,290,20,128,545,1184,91,33,64,33,752,684,4.3,10,4,34,4299,1477,147,572,967,110,179,0.982,Cleveland Indians,Jacobs Field,1394812,93,93,CLE,CLE,CLE
2010,NL,COL,COL,W,3,162,81,83,79,N,N,N,N,770,5530,1452,270,54,173,585,1274,99,41,47,47,717,663,4.14,6,12,35,4326,1405,139,525,1234,101,182,0.984,Colorado Rockies,Coors Field,2875245,115,115,COL,COL,COL
2010,AL,DET,DET,C,3,162,81,81,81,N,N,N,N,751,5643,1515,308,32,152,546,1147,69,30,41,41,743,690,4.3,6,5,32,4333,1445,142,537,1056,109,171,0.982,Detroit Tigers,Comerica Park,2461237,101,101,DET,DET,DET
2010,NL,FLO,FLA,E,3,162,81,80,82,N,N,N,N,719,5531,1403,294,37,152,514,1375,92,26,55,43,717,652,4.08,5,17,39,4315,1433,134,549,1168,123,130,0.979,Florida Marlins,Dolphin Stadium,1535226,105,104,FLA,FLO,FLO
2010,NL,HOU,HOU,C,4,162,81,76,86,N,N,N,N,611,5452,1348,252,25,108,415,1025,100,36,33,29,729,654,4.09,4,11,45,4318,1446,140,548,1210,103,135,0.983,Houston Astros,Minute Maid Park,2331490,95,96,HOU,HOU,HOU
2010,AL,KCA,KCR,C,5,162,81,67,95,N,N,N,N,676,5604,1534,279,31,121,471,905,115,50,35,53,845,794,4.97,7,3,44,4310,1553,176,551,1035,121,138,0.98,Kansas City Royals,Kauffman Stadium,1615324,99,101,KCR,KCA,KCA
2010,AL,LAA,ANA,W,3,162,81,80,82,N,N,N,N,681,5488,1363,276,19,155,466,1070,104,52,52,37,702,651,4.04,10,9,39,4348,1422,148,565,1130,113,116,0.981,Los Angeles Angels of Anaheim,Angel Stadium,3250816,98,98,LAA,ANA,ANA
2010,NL,LAN,LAD,W,4,162,81,80,82,N,N,N,N,667,5426,1368,270,29,120,533,1184,92,50,46,50,692,643,4.01,4,16,41,4325,1323,134,539,1274,98,124,0.984,Los Angeles Dodgers,Dodger Stadium,3562320,95,95,LAD,LAN,LAN
2010,NL,MIL,MIL,C,3,162,81,77,85,N,N,N,N,750,5606,1471,293,33,182,546,1216,81,26,81,35,804,733,4.58,3,7,35,4317,1487,173,582,1258,101,142,0.983,Milwaukee Brewers,Miller Park,2776531,98,98,MIL,ML4,MIL
2010,AL,MIN,MIN,C,1,162,81,94,68,Y,N,N,N,781,5568,1521,318,41,142,559,967,68,28,39,53,671,638,3.95,9,13,40,4358,1493,155,383,1048,78,150,0.987,Minnesota Twins,Target Field,3223640,101,100,MIN,MIN,MIN
2010,AL,NYA,NYY,E,2,162,81,95,67,N,Y,N,N,859,5567,1485,275,32,201,662,1136,103,30,73,44,693,651,4.06,3,8,39,4327,1349,179,540,1154,69,161,0.988,New York Yankees,Yankee Stadium III,3765807,105,103,NYY,NYA,NYA
2010,NL,NYN,NYM,E,4,162,81,79,83,N,N,N,N,656,5465,1361,266,40,128,502,1095,130,44,46,57,652,597,3.7,8,19,36,4359,1438,135,545,1106,87,159,0.986,New York Mets,Citi Field,2559738,97,97,NYM,NYN,NYN
2010,AL,OAK,OAK,W,2,162,81,81,81,N,N,N,N,663,5448,1396,276,30,109,527,1061,156,38,47,51,626,566,3.56,7,17,38,4295,1315,153,512,1070,99,147,0.984,Oakland Athletics,Oakland-Alameda Country Coliseum,1418391,100,100,OAK,OAK,OAK
2010,NL,PHI,PHI,E,1,162,84,97,65,Y,N,N,N,772,5581,1451,290,34,166,560,1064,108,21,63,43,640,594,3.67,14,21,40,4369,1402,168,416,1183,83,158,0.986,Philadelphia Phillies,Citizens Bank Park,3647249,101,100,PHI,PHI,PHI
2010,NL,PIT,PIT,C,6,162,81,57,105,N,N,N,N,587,5386,1303,276,27,126,463,1207,87,36,33,33,866,784,5,1,6,31,4235,1567,167,538,1026,127,120,0.979,Pittsburgh Pirates,PNC Park,1613399,99,101,PIT,PIT,PIT
2010,NL,SDN,SDP,W,2,162,81,90,72,N,N,N,N,665,5434,1338,236,24,132,538,1183,124,50,50,46,581,549,3.39,2,20,49,4369,1305,139,517,1295,72,141,0.988,San Diego Padres,Petco Park,2131774,91,91,SDP,SDN,SDN
2010,AL,SEA,SEA,W,4,162,81,61,101,N,N,N,N,513,5409,1274,227,16,101,459,1184,142,39,39,40,698,628,3.93,11,10,38,4314,1402,157,452,973,110,145,0.982,Seattle Mariners,Safeco Field,2085488,93,95,SEA,SEA,SEA
2010,NL,SFN,SFG,W,1,162,81,92,70,Y,N,Y,Y,697,5488,1411,284,30,162,487,1099,55,32,50,41,583,546,3.36,6,17,57,4383,1279,134,578,1331,73,110,0.988,San Francisco Giants,AT&T Park,3037443,101,101,SFG,SFN,SFN
2010,NL,SLN,STL,C,2,162,81,86,76,N,N,N,N,736,5542,1456,285,18,150,541,1027,79,41,50,40,641,577,3.57,7,16,32,4361,1412,133,477,1094,99,172,0.984,St. Louis Cardinals,Busch Stadium III,3301218,97,97,STL,SLN,SLN
2010,AL,TBA,TBD,E,1,162,81,96,66,Y,N,N,N,802,5439,1343,295,37,160,672,1292,172,47,57,57,649,611,3.78,6,12,51,4361,1347,175,478,1189,85,134,0.986,Tampa Bay Rays,Tropicana Field,1843445,96,95,TBR,TBA,TBA
2010,AL,TEX,TEX,W,1,162,81,90,72,Y,N,Y,N,787,5635,1556,268,25,162,511,986,123,48,45,54,687,636,3.93,7,8,46,4366,1355,162,551,1181,105,133,0.982,Texas Rangers,Rangers Ballpark in Arlington,2505171,105,104,TEX,TEX,TEX
2010,AL,TOR,TOR,E,4,162,78,85,77,N,N,N,N,755,5495,1364,319,21,257,471,1164,58,20,55,34,728,676,4.22,5,11,45,4322,1407,150,539,1184,92,172,0.985,Toronto Blue Jays,Rogers Centre,1625555,100,100,TOR,TOR,TOR
2010,NL,WAS,WSN,E,5,162,81,69,93,N,N,N,N,655,5418,1355,250,31,149,503,1220,110,41,60,47,742,658,4.13,2,5,37,4305,1469,151,512,1068,127,148,0.979,Washington Nationals,Nationals Park,1828066,99,100,WSN,MON,WAS
2011,NL,ARI,ARI,W,1,162,81,94,68,Y,N,N,N,731,5421,1357,293,37,172,531,1249,133,55,61,33,662,609,3.8,5,12,58,4330,1414,159,442,1058,90,131,0.985,Arizona Diamondbacks,Chase Field,2105432,107,106,ARI,ARI,ARI
2011,NL,ATL,ATL,E,2,162,81,89,73,N,N,N,N,641,5528,1345,244,16,173,504,1260,77,44,28,30,605,572,3.48,3,16,52,4439,1332,125,521,1332,83,131,0.987,Atlanta Braves,Turner Field,2372940,98,98,ATL,ATL,ATL
2011,AL,BAL,BAL,E,5,162,81,69,93,N,N,N,N,708,5585,1434,273,13,191,452,1120,81,25,52,43,860,786,4.89,3,7,32,4340,1568,210,535,1044,110,159,0.982,Baltimore Orioles,Oriole Park at Camden Yards,1755461,96,97,BAL,BAL,BAL
2011,AL,BOS,BOS,E,3,162,81,90,72,N,N,N,N,875,5710,1600,352,35,203,578,1108,102,42,50,50,737,680,4.2,2,13,36,4372,1366,156,540,1213,92,120,0.985,Boston Red Sox,Fenway Park II,3054001,106,105,BOS,BOS,BOS
2011,AL,CHA,CHW,C,3,162,81,79,83,N,N,N,N,654,5502,1387,252,16,154,475,989,81,53,84,46,706,665,4.1,6,14,42,4380,1463,147,439,1220,79,129,0.987,Chicago White Sox,U.S. Cellular Field,2001117,99,100,CHW,CHA,CHA
2011,NL,CHN,CHC,C,5,162,81,71,91,N,N,N,N,654,5549,1423,285,36,148,425,1202,69,23,59,35,756,690,4.33,4,5,40,4303,1439,162,580,1224,134,128,0.978,Chicago Cubs,Wrigley Field,3017966,96,97,CHC,CHN,CHN
2011,NL,CIN,CIN,C,3,162,81,79,83,N,N,N,N,735,5612,1438,264,19,183,535,1250,97,50,63,40,720,678,4.16,4,5,39,4403,1414,185,539,1112,91,146,0.985,Cincinnati Reds,Great American Ball Park,2213588,107,106,CIN,CIN,CIN
2011,AL,CLE,CLE,C,2,162,81,80,82,N,N,N,N,704,5509,1380,290,26,154,494,1269,89,42,65,43,760,683,4.23,2,4,38,4360,1482,153,463,1024,110,130,0.982,Cleveland Indians,Jacobs Field,1840835,96,97,CLE,CLE,CLE
2011,NL,COL,COL,W,4,162,81,73,89,N,N,N,N,735,5544,1429,274,40,163,555,1201,118,42,57,44,774,713,4.43,5,7,41,4343,1471,176,522,1118,98,156,0.984,Colorado Rockies,Coors Field,2909777,116,116,COL,COL,COL
2011,AL,DET,DET,C,1,162,81,95,67,Y,N,N,N,787,5563,1540,297,34,169,521,1143,49,20,39,58,711,647,4.04,4,14,52,4320,1406,149,492,1115,103,148,0.983,Detroit Tigers,Comerica Park,2642045,103,102,DET,DET,DET
2011,NL,FLO,FLA,E,5,162,78,72,90,N,N,N,N,625,5508,1358,274,30,149,542,1244,95,41,51,42,702,640,3.95,7,11,40,4379,1403,149,500,1218,93,126,0.985,Florida Marlins,Sun Life Stadium,1477462,99,100,FLA,FLO,FLO
2011,NL,HOU,HOU,C,6,162,81,56,106,N,N,N,N,615,5598,1442,309,28,95,401,1164,118,33,46,37,796,719,4.51,2,6,25,4305,1477,188,560,1191,116,140,0.981,Houston Astros,Minute Maid Park,2067016,102,104,HOU,HOU,HOU
2011,AL,KCA,KCR,C,4,162,81,71,91,N,N,N,N,730,5672,1560,325,41,129,442,1006,153,58,39,57,762,716,4.44,2,6,37,4354,1487,163,557,1080,95,149,0.985,Kansas City Royals,Kauffman Stadium,1724450,101,101,KCR,KCA,KCA
2011,AL,LAA,ANA,W,2,162,81,86,76,N,N,N,N,667,5513,1394,289,34,155,442,1086,135,52,51,32,633,581,3.57,12,11,39,4395,1388,142,476,1058,93,157,0.985,Los Angeles Angels of Anaheim,Angel Stadium,3166321,93,93,LAA,ANA,ANA
2011,NL,LAN,LAD,W,3,161,81,82,79,N,N,N,N,644,5436,1395,237,28,117,498,1087,126,40,45,43,612,563,3.54,7,17,40,4296,1287,132,507,1265,85,121,0.986,Los Angeles Dodgers,Dodger Stadium,2935139,98,98,LAD,LAN,LAN
2011,NL,MIL,MIL,C,1,162,81,96,66,Y,N,N,N,721,5447,1422,276,31,185,481,1083,94,31,56,44,638,582,3.63,1,13,47,4325,1348,147,440,1257,111,130,0.982,Milwaukee Brewers,Miller Park,3071373,103,102,MIL,ML4,MIL
2011,AL,MIN,MIN,C,5,162,81,63,99,N,N,N,N,619,5487,1357,259,25,103,440,1048,92,39,37,25,804,724,4.58,7,8,32,4265,1564,161,480,940,119,153,0.98,Minnesota Twins,Target Field,3168116,95,97,MIN,MIN,MIN
2011,AL,NYA,NYY,E,1,162,81,97,65,Y,N,N,N,867,5518,1452,267,33,222,627,1138,147,46,74,51,657,605,3.73,5,8,47,4375,1423,152,507,1222,102,141,0.983,New York Yankees,Yankee Stadium III,3653680,108,106,NYY,NYA,NYA
2011,NL,NYN,NYM,E,4,162,81,77,85,N,N,N,N,718,5600,1477,309,39,108,571,1085,130,35,51,48,742,674,4.19,6,9,43,4344,1482,147,514,1126,116,126,0.981,New York Mets,Citi Field,2352596,98,98,NYM,NYN,NYN
2011,AL,OAK,OAK,W,3,162,81,74,88,N,N,N,N,645,5452,1330,280,29,114,509,1094,117,43,50,57,679,597,3.71,6,12,39,4343,1380,136,519,1160,124,145,0.979,Oakland Athletics,Oakland-Alameda Country Coliseum,1476791,97,98,OAK,OAK,OAK
2011,NL,PHI,PHI,E,1,162,81,102,60,Y,N,N,N,713,5579,1409,258,38,153,539,1024,96,24,56,38,529,495,3.02,18,21,47,4431,1320,120,404,1299,74,135,0.988,Philadelphia Phillies,Citizens Bank Park,3680718,105,103,PHI,PHI,PHI
2011,NL,PIT,PIT,C,4,162,81,72,90,N,N,N,N,610,5421,1325,277,35,107,489,1308,108,52,34,44,712,650,4.04,5,11,43,4348,1513,152,535,1031,112,154,0.982,Pittsburgh Pirates,PNC Park,1940429,96,97,PIT,PIT,PIT
2011,NL,SDN,SDP,W,5,162,81,71,91,N,N,N,N,593,5417,1284,247,42,91,501,1320,170,44,48,47,611,551,3.42,0,10,44,4348,1324,125,521,1139,94,139,0.985,San Diego Padres,Petco Park,2143018,92,92,SDP,SDN,SDN
2011,AL,SEA,SEA,W,4,162,84,67,95,N,N,N,N,556,5421,1263,253,22,109,435,1280,125,40,37,41,675,621,3.9,12,10,39,4299,1369,145,436,1088,108,152,0.982,Seattle Mariners,Safeco Field,1939421,94,95,SEA,SEA,SEA
2011,NL,SFN,SFG,W,2,162,81,86,76,N,N,N,N,570,5486,1327,282,24,121,448,1122,85,51,52,43,578,522,3.2,3,12,52,4404,1260,96,559,1316,104,127,0.983,San Francisco Giants,AT&T Park,3387303,89,89,SFG,SFN,SFN
2011,NL,SLN,STL,C,2,162,81,90,72,N,Y,Y,Y,762,5532,1513,308,22,162,542,978,57,39,44,40,692,608,3.74,7,9,47,4386,1461,136,448,1098,116,167,0.982,St. Louis Cardinals,Busch Stadium III,3093954,95,94,STL,SLN,SLN
2011,AL,TBA,TBD,E,2,162,81,91,71,N,Y,N,N,707,5436,1324,273,37,172,571,1193,155,62,73,35,614,577,3.58,15,13,32,4347,1263,161,504,1143,73,138,0.988,Tampa Bay Rays,Tropicana Field,1529188,92,92,TBR,TBA,TBA
2011,AL,TEX,TEX,W,1,162,81,96,66,Y,N,Y,N,855,5659,1599,310,32,210,475,930,143,45,39,49,677,607,3.79,10,19,38,4324,1327,170,461,1179,114,164,0.981,Texas Rangers,Rangers Ballpark in Arlington,2946949,117,115,TEX,TEX,TEX
2011,AL,TOR,TOR,E,4,162,81,81,81,N,N,N,N,743,5559,1384,285,34,186,525,1184,131,52,48,47,761,700,4.32,7,10,33,4376,1433,179,540,1169,110,148,0.982,Toronto Blue Jays,Rogers Centre,1818103,104,104,TOR,TOR,TOR
2011,NL,WAS,WSN,E,3,161,80,80,81,N,N,N,N,624,5441,1319,257,22,154,470,1323,106,38,65,32,643,577,3.58,3,10,49,4348,1403,129,477,1049,104,145,0.983,Washington Nationals,Nationals Park,1940478,100,100,WSN,MON,WAS
2012,NL,ARI,ARI,W,3,162,81,81,81,N,N,N,N,734,5462,1416,307,33,165,539,1266,93,51,41,45,688,626,3.93,4,9,39,4301,1432,155,417,1200,90,146,0.985,Arizona Diamondbacks,Chase Field,2177617,105,106,ARI,ARI,ARI
2012,NL,ATL,ATL,E,2,162,81,94,68,N,Y,N,N,700,5425,1341,263,30,149,567,1289,101,32,34,46,600,549,3.42,5,16,47,4336,1310,145,464,1232,86,147,0.986,Atlanta Braves,Turner Field,2420171,102,101,ATL,ATL,ATL
2012,AL,BAL,BAL,E,2,162,81,93,69,N,Y,N,N,712,5560,1375,270,16,214,480,1315,58,29,50,30,705,642,3.9,1,10,55,4449,1433,184,481,1177,106,151,0.983,Baltimore Orioles,Oriole Park at Camden Yards,2102240,102,103,BAL,BAL,BAL
2012,AL,BOS,BOS,E,5,162,81,69,93,N,N,N,N,734,5604,1459,339,16,165,428,1197,97,31,45,55,806,754,4.7,6,4,35,4329,1449,190,529,1176,101,159,0.983,Boston Red Sox,Fenway Park II,3043003,106,106,BOS,BOS,BOS
2012,AL,CHA,CHW,C,2,162,81,85,77,N,N,N,N,748,5518,1409,228,29,211,461,1203,109,43,65,36,676,646,4.02,6,11,37,4337,1365,186,503,1246,70,154,0.988,Chicago White Sox,U.S. Cellular Field,1965955,106,106,CHW,CHA,CHA
2012,NL,CHN,CHC,C,5,162,81,61,101,N,N,N,N,613,5411,1297,265,36,137,447,1235,94,45,43,24,759,708,4.51,1,9,28,4241,1399,175,573,1128,105,148,0.982,Chicago Cubs,Wrigley Field,2882756,98,99,CHC,CHN,CHN
2012,NL,CIN,CIN,C,1,162,81,97,65,Y,N,N,N,669,5477,1377,296,30,172,481,1266,87,27,47,37,588,540,3.34,9,12,56,4359,1356,152,427,1248,89,113,0.985,Cincinnati Reds,Great American Ball Park,2347251,107,107,CIN,CIN,CIN
2012,AL,CLE,CLE,C,4,162,81,68,94,N,N,N,N,667,5525,1385,266,24,136,555,1087,110,44,59,39,845,766,4.78,2,6,43,4326,1503,174,543,1086,96,157,0.984,Cleveland Indians,Progressive Field,1603596,93,95,CLE,CLE,CLE
2012,NL,COL,COL,W,5,162,81,64,98,N,N,N,N,758,5577,1526,306,52,166,450,1213,100,40,36,39,890,824,5.22,0,7,36,4266,1637,198,566,1144,122,139,0.98,Colorado Rockies,Coors Field,2630458,120,121,COL,COL,COL
2012,AL,DET,DET,C,1,162,81,88,74,Y,N,Y,N,726,5476,1467,279,39,163,511,1103,59,23,57,39,670,596,3.75,9,8,40,4292,1409,151,438,1318,99,127,0.983,Detroit Tigers,Comerica Park,3028033,104,103,DET,DET,DET
2012,NL,HOU,HOU,C,6,162,81,55,107,N,N,N,N,583,5407,1276,238,28,146,463,1365,105,46,58,30,794,721,4.56,3,11,31,4270,1493,173,540,1170,118,132,0.981,Houston Astros,Minute Maid Park,1607733,99,101,HOU,HOU,HOU
2012,AL,KCA,KCR,C,3,162,81,72,90,N,N,N,N,676,5636,1492,295,37,131,404,1032,132,38,42,41,746,693,4.3,2,12,44,4354,1504,163,542,1177,113,171,0.981,Kansas City Royals,Kauffman Stadium,1739859,100,100,KCR,KCA,KCA
2012,AL,LAA,ANA,W,3,162,81,89,73,N,N,N,N,767,5536,1518,273,22,187,449,1113,134,33,47,41,699,640,4.02,6,16,38,4300,1339,186,483,1157,98,141,0.984,Los Angeles Angels of Anaheim,Angel Stadium of Anaheim,3061770,92,92,LAA,ANA,ANA
2012,NL,LAN,LAD,W,2,162,81,86,76,N,N,N,N,637,5438,1369,269,23,116,481,1156,104,44,52,38,597,538,3.34,2,10,40,4349,1277,122,539,1276,98,138,0.984,Los Angeles Dodgers,Dodger Stadium,3324246,96,96,LAD,LAN,LAN
2012,NL,MIA,FLA,E,5,162,81,69,93,N,N,N,N,609,5437,1327,261,39,137,484,1228,149,41,35,40,724,655,4.09,5,7,38,4322,1448,133,495,1113,103,154,0.983,Miami Marlins,Marlins Park,2219444,100,100,MIA,FLO,MIA
2012,NL,MIL,MIL,C,3,162,81,83,79,N,N,N,N,776,5557,1442,300,39,202,466,1240,158,39,90,35,733,682,4.22,0,9,44,4361,1458,169,525,1402,99,133,0.983,Milwaukee Brewers,Miller Park,2831385,104,104,MIL,ML4,MIL
2012,AL,MIN,MIN,C,5,162,81,66,96,N,N,N,N,701,5562,1448,270,30,131,505,1069,135,37,53,56,832,762,4.77,3,6,35,4316,1536,198,465,943,107,188,0.983,Minnesota Twins,Target Field,2776354,97,99,MIN,MIN,MIN
2012,AL,NYA,NYY,E,1,162,81,95,67,Y,N,N,N,804,5524,1462,280,13,245,565,1176,93,27,62,49,668,617,3.84,6,9,51,4336,1401,190,431,1318,75,135,0.987,New York Yankees,Yankee Stadium III,3542406,103,102,NYY,NYA,NYA
2012,NL,NYN,NYM,E,4,162,81,74,88,N,N,N,N,650,5450,1357,286,21,139,503,1250,79,38,42,30,709,651,4.09,7,13,36,4302,1368,161,488,1240,101,135,0.983,New York Mets,Citi Field,2242803,96,97,NYM,NYN,NYN
2012,AL,OAK,OAK,W,1,162,81,94,68,Y,N,N,N,713,5527,1315,267,32,195,550,1387,122,32,45,34,614,569,3.48,1,13,47,4410,1360,147,462,1136,111,135,0.982,Oakland Athletics,O.co Coliseum,1679013,97,97,OAK,OAK,OAK
2012,NL,PHI,PHI,E,3,162,81,81,81,N,N,N,N,684,5544,1414,271,28,158,454,1094,116,23,63,39,680,618,3.83,5,11,42,4354,1387,178,409,1385,101,118,0.983,Philadelphia Phillies,Citizens Bank Park,3565718,102,101,PHI,PHI,PHI
2012,NL,PIT,PIT,C,4,162,81,79,83,N,N,N,N,651,5412,1313,241,37,170,444,1354,73,52,51,45,674,615,3.86,2,10,45,4300,1357,153,490,1192,112,126,0.982,Pittsburgh Pirates,PNC Park,2091918,93,94,PIT,PIT,PIT
2012,NL,SDN,SDP,W,4,162,81,76,86,N,N,N,N,651,5422,1339,272,43,121,539,1238,155,46,54,34,710,640,4.01,4,11,43,4304,1356,162,539,1205,121,97,0.98,San Diego Padres,Petco Park,2123721,92,92,SDP,SDN,SDN
2012,AL,SEA,SEA,W,4,162,81,75,87,N,N,N,N,619,5494,1285,241,27,149,466,1259,104,35,30,35,651,608,3.76,8,11,43,4370,1359,166,449,1166,72,155,0.988,Seattle Mariners,Safeco Field,1721920,90,91,SEA,SEA,SEA
2012,NL,SFN,SFG,W,1,162,81,94,68,Y,N,Y,Y,718,5558,1495,287,57,103,483,1097,118,39,29,61,649,593,3.68,5,14,53,4353,1361,142,489,1237,115,134,0.981,San Francisco Giants,AT&T Park,3377371,88,88,SFG,SFN,SFN
2012,NL,SLN,STL,C,2,162,81,88,74,N,Y,N,N,765,5622,1526,290,37,159,533,1192,91,37,53,49,648,603,3.71,4,10,42,4388,1420,134,436,1218,107,149,0.983,St. Louis Cardinals,Busch Stadium III,3262109,98,97,STL,SLN,SLN
2012,AL,TBA,TBD,E,3,162,81,90,72,N,N,N,N,697,5398,1293,250,30,175,571,1323,134,44,58,42,577,518,3.19,7,15,50,4379,1233,139,469,1383,114,155,0.981,Tampa Bay Rays,Tropicana Field,1559681,94,93,TBR,TBA,TBA
2012,AL,TEX,TEX,W,2,162,81,93,69,N,Y,N,N,808,5590,1526,303,32,200,478,1103,91,44,57,53,707,639,3.99,7,10,43,4326,1378,175,446,1286,85,136,0.986,Texas Rangers,Rangers Ballpark in Arlington,3460280,112,111,TEX,TEX,TEX
2012,AL,TOR,TOR,E,4,162,81,73,89,N,N,N,N,716,5487,1346,247,22,198,473,1251,123,41,55,45,784,745,4.64,5,11,29,4331,1439,204,574,1142,101,167,0.984,Toronto Blue Jays,Rogers Centre,2099663,103,104,TOR,TOR,TOR
2012,NL,WAS,WSN,E,1,162,81,98,64,Y,N,N,N,731,5615,1468,301,25,194,479,1325,105,35,41,36,594,543,3.33,3,9,51,4405,1296,129,497,1325,94,134,0.985,Washington Nationals,Nationals Park,2370794,99,101,WSN,MON,WAS
2013,NL,ARI,ARI,W,2,162,81,81,81,N,N,N,N,685,5676,1468,302,31,130,519,1142,62,41,43,43,695,651,3.92,6,7,38,4485,1460,176,485,1218,75,135,0.988,Arizona Diamondbacks,Chase Field,2134795,102,102,ARI,ARI,ARI
2013,NL,ATL,ATL,E,1,162,81,96,66,Y,N,N,N,688,5441,1354,247,21,181,542,1384,64,31,55,35,548,512,3.18,1,12,53,4351,1326,127,409,1232,85,141,0.986,Atlanta Braves,Turner Field,2548679,104,103,ATL,ATL,ATL
2013,AL,BAL,BAL,E,3,162,81,85,77,N,N,N,N,745,5620,1460,298,14,212,416,1125,79,29,36,45,709,678,4.2,2,6,57,4359,1438,202,473,1169,54,165,0.991,Baltimore Orioles,Oriole Park at Camden Yards,2357561,106,105,BAL,BAL,BAL
2013,AL,BOS,BOS,E,1,162,81,97,65,Y,N,Y,Y,853,5651,1566,363,29,178,581,1308,123,19,72,50,656,613,3.79,5,8,33,4362,1366,156,524,1294,80,142,0.987,Boston Red Sox,Fenway Park II,2833333,102,102,BOS,BOS,BOS
2013,AL,CHA,CHW,C,5,162,81,63,99,N,N,N,N,598,5563,1385,237,19,148,411,1207,105,42,34,48,723,643,3.98,5,5,40,4365,1424,182,509,1249,121,155,0.98,Chicago White Sox,U.S. Cellular Field,1768413,107,107,CHW,CHA,CHA
2013,NL,CHN,CHC,C,5,162,81,66,96,N,N,N,N,602,5498,1307,297,18,172,439,1230,63,32,67,30,689,643,4,3,6,39,4344,1332,160,540,1184,100,129,0.983,Chicago Cubs,Wrigley Field,2642682,104,105,CHC,CHN,CHN
2013,NL,CIN,CIN,C,3,162,80,90,72,N,Y,N,N,698,5499,1370,274,20,155,585,1245,67,35,76,46,589,554,3.38,5,17,43,4421,1294,170,435,1296,76,131,0.988,Cincinnati Reds,Great American Ball Park,2534369,103,102,CIN,CIN,CIN
2013,AL,CLE,CLE,C,2,162,81,92,70,N,Y,N,N,745,5465,1391,290,23,171,562,1283,117,36,51,56,662,611,3.82,3,16,38,4324,1359,147,554,1379,98,135,0.983,Cleveland Indians,Progressive Field,1572926,93,94,CLE,CLE,CLE
2013,NL,COL,COL,W,5,162,81,74,88,N,N,N,N,706,5599,1511,283,36,159,427,1204,112,32,26,35,760,708,4.44,1,5,35,4308,1545,136,517,1064,90,162,0.986,Colorado Rockies,Coors Field,2793828,117,118,COL,COL,COL
2013,AL,DET,DET,C,1,162,81,93,69,Y,N,N,N,796,5735,1625,292,23,176,531,1073,35,20,43,47,624,587,3.61,3,12,39,4388,1369,128,462,1428,76,136,0.987,Detroit Tigers,Comerica Park,3083397,106,105,DET,DET,DET
2013,AL,HOU,HOU,W,5,162,81,51,111,N,N,N,N,610,5457,1307,266,16,148,426,1535,110,61,52,38,848,766,4.79,2,5,32,4320,1530,191,616,1084,125,168,0.979,Houston Astros,Minute Maid Park,1651883,99,101,HOU,HOU,HOU
2013,AL,KCA,KCR,C,3,162,81,86,76,N,N,N,N,648,5549,1443,254,34,112,422,1048,153,32,42,42,601,555,3.45,5,12,52,4345,1366,155,469,1208,85,136,0.986,Kansas City Royals,Kauffman Stadium,1750754,103,103,KCR,KCA,KCA
2013,AL,LAA,ANA,W,3,162,81,78,84,N,N,N,N,733,5588,1476,270,39,164,523,1221,82,34,48,64,737,685,4.23,4,12,41,4373,1475,167,533,1200,112,135,0.981,Los Angeles Angels of Anaheim,Angel Stadium of Anaheim,3019505,94,94,LAA,ANA,ANA
2013,NL,LAN,LAD,W,1,162,81,92,70,Y,N,N,N,649,5491,1447,281,17,138,476,1146,78,28,57,48,582,524,3.25,7,22,46,4351,1321,127,460,1292,109,160,0.982,Los Angeles Dodgers,Dodger Stadium,3743527,95,95,LAD,LAN,LAN
2013,NL,MIA,FLA,E,5,162,81,62,100,N,N,N,N,513,5449,1257,219,31,95,432,1232,78,29,56,26,646,602,3.71,2,13,36,4380,1376,121,526,1177,88,144,0.986,Miami Marlins,Marlins Park,1586322,102,103,MIA,FLO,MIA
2013,NL,MIL,MIL,C,4,162,81,74,88,N,N,N,N,640,5474,1381,238,43,157,407,1183,142,50,71,35,687,615,3.84,4,15,40,4328,1401,175,466,1125,114,153,0.981,Milwaukee Brewers,Miller Park,2531105,105,105,MIL,ML4,MIL
2013,AL,MIN,MIN,C,4,162,81,66,96,N,N,N,N,614,5564,1346,285,15,151,533,1430,52,33,52,32,788,733,4.55,1,7,40,4351,1591,168,458,985,81,178,0.987,Minnesota Twins,Target Field,2477644,99,101,MIN,MIN,MIN
2013,AL,NYA,NYY,E,4,162,81,85,77,N,N,N,N,650,5449,1321,247,24,144,466,1214,115,31,57,36,671,633,3.94,7,10,49,4342,1452,171,437,1233,69,139,0.988,New York Yankees,Yankee Stadium III,3279589,102,101,NYY,NYA,NYA
2013,NL,NYN,NYM,E,4,162,81,74,88,N,N,N,N,619,5559,1318,263,32,130,512,1384,114,35,51,32,684,618,3.77,4,10,40,4430,1442,152,458,1209,93,127,0.985,New York Mets,Citi Field,2135657,94,95,NYM,NYN,NYN
2013,AL,OAK,OAK,W,1,162,81,96,66,Y,N,N,N,767,5521,1403,301,25,186,573,1178,74,28,45,49,625,574,3.56,6,13,46,4356,1339,163,428,1183,97,112,0.983,Oakland Athletics,O.co Coliseum,1809302,95,93,OAK,OAK,OAK
2013,NL,PHI,PHI,E,4,162,81,73,89,N,N,N,N,610,5456,1355,255,32,140,417,1205,73,29,53,31,749,689,4.32,6,3,32,4309,1465,152,506,1199,97,141,0.984,Philadelphia Phillies,Citizens Bank Park,3012403,101,102,PHI,PHI,PHI
2013,NL,PIT,PIT,C,2,162,81,94,68,N,Y,N,N,634,5486,1346,273,35,161,469,1330,94,42,88,29,577,533,3.26,3,16,55,4412,1299,101,515,1261,106,154,0.984,Pittsburgh Pirates,PNC Park,2256862,94,94,PIT,PIT,PIT
2013,NL,SDN,SDP,W,3,162,81,76,86,N,N,N,N,618,5517,1349,246,26,146,467,1309,118,34,52,34,700,643,3.98,3,6,40,4365,1407,156,525,1171,83,140,0.986,San Diego Padres,Petco Park,2166691,91,91,SDP,SDN,SDN
2013,AL,SEA,SEA,W,4,162,81,71,91,N,N,N,N,624,5558,1318,249,17,188,529,1353,49,23,31,28,754,702,4.31,4,14,43,4395,1467,174,478,1297,88,149,0.986,Seattle Mariners,Safeco Field,1761546,92,92,SEA,SEA,SEA
2013,NL,SFN,SFG,W,4,162,82,76,86,N,N,N,N,629,5552,1446,280,35,107,469,1078,67,26,39,42,691,643,4,2,13,41,4342,1380,145,521,1256,107,128,0.982,San Francisco Giants,AT&T Park,3326796,90,89,SFG,SFN,SFN
2013,NL,SLN,STL,C,1,162,81,97,65,Y,N,Y,N,783,5557,1494,322,20,125,481,1110,45,22,64,44,596,555,3.42,7,15,44,4379,1366,112,451,1254,75,177,0.988,St. Louis Cardinals,Busch Stadium III,3369769,99,97,STL,SLN,SLN
2013,AL,TBA,TBD,E,2,163,81,92,71,N,Y,N,N,700,5538,1421,296,23,165,589,1171,73,38,36,55,646,608,3.74,9,17,42,4392,1315,153,482,1310,59,147,0.99,Tampa Bay Rays,Tropicana Field,1510300,96,95,TBR,TBA,TBA
2013,AL,TEX,TEX,W,2,163,82,91,72,N,N,N,N,730,5585,1465,262,23,176,462,1067,149,46,61,42,636,589,3.62,4,10,46,4390,1370,157,498,1309,86,146,0.986,Texas Rangers,Rangers Ballpark in Arlington,3178273,104,103,TEX,TEX,TEX
2013,AL,TOR,TOR,E,5,162,81,74,88,N,N,N,N,712,5537,1398,273,24,185,510,1123,112,41,38,38,756,685,4.25,4,11,39,4356,1451,195,500,1208,111,145,0.982,Toronto Blue Jays,Rogers Centre,2536562,102,102,TOR,TOR,TOR
2013,NL,WAS,WSN,E,2,162,81,86,76,N,N,N,N,656,5436,1365,259,27,161,464,1192,88,28,40,39,626,576,3.59,6,13,47,4337,1367,142,405,1236,107,146,0.982,Washington Nationals,Nationals Park,2652422,102,101,WSN,MON,WAS
2014,NL,ARI,ARI,W,5,162,81,64,98,N,N,N,N,615,5552,1379,259,47,118,398,1165,86,33,43,36,742,683,4.26,2,4,35,4333,1467,154,469,1278,101,147,0.983,Arizona Diamondbacks,Chase Field,2073730,102,102,ARI,ARI,ARI
2014,NL,ATL,ATL,E,2,162,81,79,83,N,N,N,N,573,5468,1316,240,22,123,472,1369,95,33,43,27,597,547,3.38,5,13,54,4365,1369,121,472,1301,85,143,0.986,Atlanta Braves,Turner Field,2354305,99,99,ATL,ATL,ATL
2014,AL,BAL,BAL,E,1,162,81,96,66,Y,N,N,N,705,5596,1434,264,16,211,401,1285,44,20,62,36,593,557,3.43,3,13,53,4384,1342,151,472,1174,87,156,0.986,Baltimore Orioles,Oriole Park at Camden Yards,2464473,100,100,BAL,BAL,BAL
2014,AL,BOS,BOS,E,5,162,81,71,91,N,N,N,N,634,5551,1355,282,20,123,535,1337,63,25,68,52,715,653,4.01,3,7,36,4397,1458,154,482,1213,92,155,0.985,Boston Red Sox,Fenway Park II,2956089,102,101,BOS,BOS,BOS
2014,AL,CHA,CHW,C,4,162,81,73,89,N,N,N,N,660,5543,1400,279,32,155,417,1362,85,36,60,38,758,687,4.29,3,6,36,4323,1468,140,557,1152,107,170,0.982,Chicago White Sox,U.S. Cellular Field,1650821,100,101,CHW,CHA,CHA
2014,NL,CHN,CHC,C,5,162,81,73,89,N,N,N,N,614,5508,1315,270,31,157,442,1477,65,40,54,41,707,636,3.91,1,11,37,4390,1398,115,504,1311,103,137,0.983,Chicago Cubs,Wrigley Field,2652113,103,104,CHC,CHN,CHN
2014,NL,CIN,CIN,C,4,162,81,76,86,N,N,N,N,595,5395,1282,254,20,131,415,1252,122,52,52,37,612,576,3.59,5,13,44,4338,1282,163,507,1290,72,120,0.988,Cincinnati Reds,Great American Ball Park,2476664,98,98,CIN,CIN,CIN
2014,AL,CLE,CLE,C,3,162,81,85,77,N,N,N,N,669,5575,1411,284,23,142,504,1189,104,27,42,49,653,581,3.56,6,15,40,4405,1398,135,464,1450,116,139,0.981,Cleveland Indians,Progressive Field,1437393,97,97,CLE,CLE,CLE
2014,NL,COL,COL,W,4,162,81,66,96,N,N,N,N,755,5612,1551,307,41,186,397,1281,85,48,48,48,818,770,4.84,1,4,24,4293,1528,173,531,1074,106,166,0.983,Colorado Rockies,Coors Field,2680329,115,116,COL,COL,COL
2014,AL,DET,DET,C,1,162,81,90,72,Y,N,N,N,757,5630,1557,325,26,155,443,1144,106,41,44,61,705,648,4.01,5,8,41,4362,1475,127,462,1244,101,153,0.983,Detroit Tigers,Comerica Park,2917209,105,104,DET,DET,DET
2014,AL,HOU,HOU,W,4,162,81,70,92,N,N,N,N,629,5447,1317,240,19,163,495,1442,122,37,55,36,723,657,4.11,7,3,31,4316,1437,139,484,1137,106,151,0.983,Houston Astros,Minute Maid Park,1751829,101,102,HOU,HOU,HOU
2014,AL,KCA,KCR,C,2,162,81,89,73,N,Y,Y,N,651,5545,1456,286,29,95,380,985,153,36,53,47,624,565,3.51,3,14,53,4352,1386,128,440,1168,104,122,0.983,Kansas City Royals,Kauffman Stadium,1956482,105,104,KCR,KCA,KCA
2014,AL,LAA,ANA,W,1,162,81,98,64,Y,N,N,N,773,5652,1464,304,31,155,492,1266,81,39,60,54,630,590,3.58,3,13,46,4448,1307,126,504,1342,83,127,0.986,Los Angeles Angels of Anaheim,Angel Stadium of Anaheim,3095935,96,95,LAA,ANA,ANA
2014,NL,LAN,LAD,W,1,162,81,94,68,Y,N,N,N,718,5560,1476,302,38,134,519,1246,138,50,61,43,617,554,3.4,7,16,47,4394,1338,142,429,1373,107,145,0.983,Los Angeles Dodgers,Dodger Stadium,3782337,96,95,LAD,LAN,LAN
2014,NL,MIA,FLA,E,4,162,81,77,85,N,N,N,N,645,5538,1399,254,36,122,501,1419,58,21,35,39,674,613,3.78,3,16,42,4373,1481,114,458,1190,97,154,0.984,Miami Marlins,Marlins Park,1732283,103,104,MIA,FLO,MIA
2014,NL,MIL,MIL,C,3,162,81,82,80,N,N,N,N,650,5462,1366,297,28,150,423,1197,102,43,73,37,657,594,3.67,3,9,45,4373,1386,167,431,1246,99,130,0.984,Milwaukee Brewers,Miller Park,2797384,102,103,MIL,ML4,MIL
2014,AL,MIN,MIN,C,5,162,81,70,92,N,N,N,N,715,5567,1412,316,27,128,544,1329,99,36,53,44,777,728,4.57,2,7,38,4305,1588,147,408,1031,97,136,0.984,Minnesota Twins,Target Field,2250606,102,103,MIN,MIN,MIN
2014,AL,NYA,NYY,E,2,162,81,84,78,N,N,N,N,633,5497,1349,247,26,147,452,1133,112,26,56,47,664,605,3.75,5,10,48,4359,1392,164,398,1370,92,107,0.984,New York Yankees,Yankee Stadium III,3401624,100,101,NYY,NYA,NYA
2014,NL,NYN,NYM,E,3,162,81,79,83,N,N,N,N,629,5472,1306,275,19,125,516,1264,101,34,54,44,618,568,3.49,1,11,42,4391,1370,141,509,1303,104,158,0.983,New York Mets,Citi Field,2148808,94,95,NYM,NYN,NYN
2014,AL,OAK,OAK,W,2,162,81,88,74,N,Y,N,N,729,5545,1354,253,33,146,586,1104,83,20,49,43,572,524,3.22,7,13,31,4390,1269,147,406,1244,111,150,0.982,Oakland Athletics,O.co Coliseum,2003628,99,97,OAK,OAK,OAK
2014,NL,PHI,PHI,E,5,162,81,73,89,N,N,N,N,619,5603,1356,251,27,125,443,1306,109,26,55,37,687,619,3.79,2,12,40,4405,1396,134,521,1255,83,133,0.987,Philadelphia Phillies,Citizens Bank Park,2423852,100,101,PHI,PHI,PHI
2014,NL,PIT,PIT,C,2,162,81,88,74,N,Y,N,N,682,5536,1436,275,30,156,520,1244,104,47,78,35,631,562,3.47,2,7,48,4369,1341,128,499,1228,109,148,0.983,Pittsburgh Pirates,PNC Park,2442564,98,97,PIT,PIT,PIT
2014,NL,SDN,SDP,W,3,162,81,77,85,N,N,N,N,535,5294,1199,224,30,109,468,1294,91,34,41,45,577,523,3.27,4,10,41,4316,1300,117,462,1284,101,124,0.983,San Diego Padres,Petco Park,2195373,91,91,SDP,SDN,SDN
2014,AL,SEA,SEA,W,3,162,81,87,75,N,N,N,N,634,5450,1328,247,32,136,396,1232,96,42,60,34,554,512,3.17,2,9,51,4356,1240,137,463,1317,82,139,0.986,Seattle Mariners,Safeco Field,2064334,95,95,SEA,SEA,SEA
2014,NL,SFN,SFG,W,2,162,81,88,74,N,Y,Y,Y,665,5523,1407,257,42,132,427,1245,56,27,43,49,614,564,3.5,8,12,46,4347,1305,133,389,1211,100,155,0.984,San Francisco Giants,AT&T Park,3368697,95,95,SFG,SFN,SFN
2014,NL,SLN,STL,C,1,162,81,90,72,Y,N,N,N,619,5426,1371,275,21,105,471,1133,57,32,86,39,603,564,3.5,8,23,55,4346,1321,123,470,1221,88,145,0.985,St. Louis Cardinals,Busch Stadium III,3540649,101,100,STL,SLN,SLN
2014,AL,TBA,TBD,E,4,162,81,77,85,N,N,N,N,612,5516,1361,263,24,117,527,1124,63,27,66,53,625,579,3.56,3,22,37,4391,1292,145,482,1437,88,96,0.985,Tampa Bay Rays,Tropicana Field,1446464,97,97,TBR,TBA,TBA
2014,AL,TEX,TEX,W,5,162,81,67,95,N,N,N,N,637,5460,1400,260,28,111,417,1162,105,59,61,45,773,711,4.49,6,17,33,4279,1510,160,505,1110,106,155,0.982,Texas Rangers,Rangers Ballpark in Arlington,2718733,101,101,TEX,TEX,TEX
2014,AL,TOR,TOR,E,3,162,81,83,79,N,N,N,N,723,5549,1435,282,24,177,502,1151,78,21,41,40,686,642,4,3,16,45,4329,1400,151,490,1199,87,130,0.985,Toronto Blue Jays,Rogers Centre,2375525,102,102,TOR,TOR,TOR
2014,NL,WAS,WSN,E,1,162,81,96,66,Y,N,N,N,686,5542,1403,265,27,152,517,1304,101,23,56,41,555,495,3.03,5,19,45,4412,1351,110,352,1288,100,139,0.984,Washington Nationals,Nationals Park,2579389,104,102,WSN,MON,WAS
2015,AL,KCA,KCR,C,1,162,81,95,67,Y,N,Y,Y,724,5575,1497,300,42,139,383,973,104,34,77,47,641,601,3.73,2,8,56,4356,1372,155,489,1160,88,138,0.985,Kansas City Royals,Kauffman Stadium,2708549,104,103,KCR,KCA,KCA
2015,AL,MIN,MIN,C,2,162,81,83,79,N,N,N,N,696,5467,1349,277,44,156,439,1264,70,38,40,41,700,653,4.07,2,12,45,4329,1506,163,413,1046,86,150,0.986,Minnesota Twins,Target Field,2220054,103,104,MIN,MIN,MIN
2015,AL,CLE,CLE,C,3,161,80,81,80,N,N,N,N,669,5439,1395,303,29,141,533,1157,86,28,39,50,640,584,3.67,11,10,38,4298,1274,161,425,1407,79,136,0.987,Cleveland Indians,Progressive Field,1388905,106,106,CLE,CLE,CLE
2015,AL,CHA,CHW,C,4,162,81,76,86,N,N,N,N,622,5533,1381,260,27,136,404,1231,68,42,65,37,701,643,3.98,7,9,37,4358,1443,162,474,1359,101,159,0.983,Chicago White Sox,U.S. Cellular Field,1755810,97,96,CHW,CHA,CHA
2015,AL,DET,DET,C,5,161,81,74,87,N,N,N,N,689,5605,1515,289,49,151,455,1259,83,51,41,35,803,746,4.64,7,12,35,4341,1491,193,489,1100,86,165,0.986,Detroit Tigers,Comerica Park,2726048,97,98,DET,DET,DET
2015,AL,TOR,TOR,E,1,162,81,93,69,Y,N,N,N,891,5509,1480,308,17,232,570,1151,88,23,54,62,670,609,3.8,7,10,34,4323,1353,173,397,1117,88,145,0.985,Toronto Blue Jays,Rogers Centre,2794891,99,98,TOR,TOR,TOR
2015,AL,NYA,NYY,E,2,162,81,87,75,N,Y,N,N,764,5567,1397,272,19,212,554,1227,63,25,63,54,698,652,4.03,3,4,48,4373,1416,182,474,1370,93,135,0.985,New York Yankees,Yankee Stadium III,3193795,99,101,NYY,NYA,NYA
2015,AL,BAL,BAL,E,3,162,78,81,81,N,N,N,N,713,5485,1370,246,20,217,418,1331,44,25,51,32,693,646,4.05,0,10,43,4304,1406,174,483,1233,77,134,0.987,Baltimore Orioles,Oriole Park at Camden Yards,2281202,103,104,BAL,BAL,BAL
2015,AL,TBA,TBD,E,4,162,84,80,82,N,N,N,N,644,5485,1383,278,32,167,436,1310,87,45,84,47,642,604,3.74,1,12,60,4360,1314,175,477,1355,95,118,0.984,Tampa Bay Rays,Tropicana Field,1287054,100,102,TBR,TBA,TBA
2015,AL,BOS,BOS,E,5,162,81,78,84,N,N,N,N,748,5640,1495,294,33,161,478,1148,71,27,46,42,753,694,4.31,3,10,40,4345,1486,178,478,1218,97,148,0.984,Boston Red Sox,Fenway Park II,2880694,104,107,BOS,BOS,BOS
2015,AL,TEX,TEX,W,1,162,81,88,74,Y,N,N,N,751,5511,1419,279,32,172,503,1233,101,39,76,54,733,680,4.24,5,9,45,4328,1459,171,508,1095,119,169,0.981,Texas Rangers,Rangers Ballpark in Arlington,2491875,102,105,TEX,TEX,TEX
2015,AL,HOU,HOU,W,2,162,81,86,76,N,Y,N,N,729,5459,1363,278,26,230,486,1392,121,48,56,43,618,572,3.57,5,13,39,4323,1308,148,423,1280,85,131,0.986,Houston Astros,Minute Maid Park,2153585,97,99,HOU,HOU,HOU
2015,AL,LAA,ANA,W,3,162,81,85,77,N,N,N,N,661,5417,1331,243,21,176,435,1150,52,34,58,40,675,630,3.94,2,12,46,4322,1355,166,466,1221,93,108,0.984,Los Angeles Angels of Anaheim,Angel Stadium of Anaheim,3012765,94,95,LAA,ANA,ANA
2015,AL,SEA,SEA,W,4,162,81,76,86,N,N,N,N,656,5544,1379,262,22,198,478,1336,69,45,36,35,726,677,4.16,6,12,45,4389,1430,181,491,1283,94,155,0.985,Seattle Mariners,Safeco Field,2193581,92,94,SEA,SEA,SEA
2015,AL,OAK,OAK,W,5,162,81,68,94,N,N,N,N,694,5600,1405,277,46,146,475,1119,78,29,40,38,729,664,4.14,5,15,28,4334,1402,172,474,1179,126,154,0.979,Oakland Athletics,O.co Coliseum,1768175,97,98,OAK,OAK,OAK
2015,NL,SLN,STL,C,1,162,81,100,62,Y,N,N,N,647,5484,1386,288,39,137,506,1267,69,38,66,42,525,478,2.94,1,15,62,4394,1359,123,477,1329,96,159,0.984,St. Louis Cardinals,Busch Stadium III,3520889,102,101,STL,SLN,SLN
2015,NL,PIT,PIT,C,2,162,81,98,64,N,Y,N,N,697,5631,1462,292,27,140,461,1322,98,45,89,41,596,532,3.21,0,13,54,4469,1392,110,453,1338,122,177,0.981,Pittsburgh Pirates,PNC Park,2498596,99,97,PIT,PIT,PIT
2015,NL,CHN,CHC,C,3,162,81,97,65,N,Y,N,N,689,5491,1341,272,30,171,567,1518,95,37,74,35,608,546,3.36,6,21,48,4384,1276,134,407,1431,111,120,0.982,Chicago Cubs,Wrigley Field,2959812,100,101,CHC,CHN,CHN
2015,NL,MIL,MIL,C,4,162,81,68,94,N,N,N,N,655,5480,1378,274,34,145,412,1299,84,29,41,34,737,682,4.28,1,7,40,4305,1432,176,517,1260,116,164,0.981,Milwaukee Brewers,Miller Park,2542558,101,101,MIL,ML4,MIL
2015,NL,CIN,CIN,C,5,162,81,64,98,N,N,N,N,640,5571,1382,257,27,167,496,1255,134,38,42,40,754,700,4.33,2,8,35,4360,1436,177,544,1252,90,131,0.985,Cincinnati Reds,Great American Ball Park,2419506,101,101,CIN,CIN,CIN
2015,NL,NYN,NYM,E,1,162,81,90,72,Y,N,Y,N,683,5527,1351,295,17,177,488,1290,51,25,68,32,613,557,3.43,1,14,50,4388,1341,152,383,1337,88,131,0.986,New York Mets,Citi Field,2569753,94,92,NYM,NYN,NYN
2015,NL,WAS,WSN,E,2,162,81,83,79,N,N,N,N,703,5428,1363,265,13,177,539,1344,57,23,44,51,635,577,3.62,4,13,41,4304,1366,145,364,1342,90,125,0.985,Washington Nationals,Nationals Park,2619843,102,99,WSN,MON,WAS
2015,NL,MIA,FLA,E,3,162,81,71,91,N,N,N,N,613,5463,1420,236,40,120,375,1150,112,45,39,40,678,638,4.02,0,12,35,4281,1374,141,508,1152,77,162,0.987,Miami Marlins,Marlins Park,1752235,98,97,MIA,FLO,MIA
2015,NL,ATL,ATL,E,4,162,81,67,95,N,N,N,N,573,5420,1361,251,18,100,471,1107,69,33,44,31,760,698,4.41,3,10,44,4276,1462,170,550,1148,90,186,0.985,Atlanta Braves,Turner Field,2001392,97,97,ATL,ATL,ATL
2015,NL,PHI,PHI,E,5,162,81,63,99,N,N,N,N,626,5529,1374,272,37,130,387,1274,88,32,54,29,809,749,4.69,1,7,35,4309,1592,191,488,1153,117,145,0.981,Philadelphia Phillies,Citizens Bank Park,1831080,98,98,PHI,PHI,PHI
2015,NL,LAN,LAD,W,1,162,81,92,70,Y,N,N,N,667,5385,1346,263,26,187,563,1258,59,34,60,30,595,553,3.44,6,21,47,4337,1317,145,395,1396,75,133,0.988,Los Angeles Dodgers,Dodger Stadium,3764815,101,98,LAD,LAN,LAN
2015,NL,SFN,SFG,W,2,162,81,84,78,N,N,N,N,696,5565,1486,288,39,136,457,1159,93,36,49,37,627,597,3.72,7,18,41,4333,1344,155,431,1165,78,145,0.987,San Francisco Giants,AT&T Park,3375882,99,97,SFG,SFN,SFN
2015,NL,ARI,ARI,W,3,162,81,79,83,N,N,N,N,720,5649,1494,289,48,154,490,1312,132,44,33,57,713,659,4.04,1,12,44,4400,1450,182,500,1215,86,146,0.986,Arizona Diamondbacks,Chase Field,2080145,107,106,ARI,ARI,ARI
2015,NL,SDN,SDP,W,4,162,81,74,88,N,N,N,N,650,5457,1324,260,36,148,426,1327,82,29,40,42,731,655,4.09,1,6,41,4321,1371,171,516,1393,92,138,0.985,San Diego Padres,Petco Park,2459742,98,97,SDP,SDN,SDN
2015,NL,COL,COL,W,5,162,81,68,94,N,N,N,N,737,5572,1479,274,49,186,388,1283,97,43,33,34,844,799,5.04,4,4,36,4279,1579,183,579,1112,95,171,0.985,Colorado Rockies,Coors Field,2506789,119,118,COL,COL,COL
